0,97.88,32.18,0.1469,0.04201,0.1372,0.04329,0.1367,0.0545,93.42,37.08,17.83,6.205,17.68,6.151,18.04,6.037,1.0
1,97.88,32.18,0.147,0.04201,0.1372,0.04329,0.1368,0.0545,93.42,37.08,17.83,6.205,17.68,6.151,18.04,6.037,1.0
2,97.88,32.18,0.147,0.04201,0.1372,0.04329,0.1368,0.05451,93.42,37.08,17.83,6.205,17.68,6.151,18.04,6.037,1.0
3,97.88,32.18,0.147,0.04202,0.1372,0.04331,0.1367,0.05453,93.42,37.08,17.83,6.205,17.68,6.151,18.04,6.037,1.0
4,97.88,32.18,0.147,0.04203,0.1373,0.04331,0.1368,0.05453,93.42,37.08,17.83,6.205,17.68,6.151,18.04,6.037,1.0
5,97.88,32.18,0.1471,0.04203,0.1374,0.04331,0.1368,0.05454,93.42,37.08,17.83,6.205,17.68,6.151,18.04,6.037,1.0
6,97.88,32.18,0.1472,0.04204,0.1375,0.04332,0.1369,0.05454,93.42,37.08,17.83,6.205,17.68,6.151,18.04,6.037,1.0
7,97.88,32.18,0.1473,0.04204,0.1376,0.04333,0.137,0.05455,93.42,37.08,17.83,6.205,17.68,6.151,18.04,6.037,1.0
8,97.88,32.18,0.1474,0.04204,0.1377,0.04333,0.137,0.05455,93.42,37.08,17.83,6.205,17.68,6.151,18.04,6.037,1.0
9,97.88,32.18,0.1475,0.04205,0.1378,0.04333,0.1371,0.05455,93.42,37.08,17.83,6.205,17.68,6.151,18.04,6.037,1.0
10,97.88,32.18,0.1476,0.04204,0.1379,0.04332,0.1371,0.05454,93.42,37.08,17.83,6.205,17.68,6.151,18.04,6.037,1.0
11,97.88,32.18,0.1476,0.04204,0.1379,0.04331,0.1371,0.05455,93.42,37.08,17.83,6.205,17.68,6.151,18.04,6.037,1.0
12,97.88,32.18,0.1476,0.04204,0.138,0.0433,0.1372,0.05453,93.42,37.08,17.83,6.205,17.68,6.151,18.04,6.037,1.0
13,97.88,32.18,0.1477,0.04205,0.138,0.04331,0.1372,0.05453,93.42,37.08,17.83,6.205,17.68,6.151,18.04,6.037,1.0
14,97.88,32.18,0.1477,0.04205,0.1381,0.04331,0.1373,0.05454,93.42,37.08,17.83,6.205,17.68,6.151,18.04,6.037,1.0
15,97.88,32.18,0.1478,0.04205,0.1382,0.04331,0.1373,0.05454,93.42,37.08,17.83,6.205,17.68,6.151,18.04,6.037,1.0
16,97.88,32.18,0.1479,0.04205,0.1382,0.04331,0.1374,0.05454,93.42,37.08,17.83,6.205,17.68,6.151,18.04,6.037,1.0
17,97.88,32.18,0.148,0.04205,0.1383,0.0433,0.1374,0.05453,93.42,37.08,17.83,6.205,17.68,6.151,18.04,6.037,1.0
18,97.88,32.18,0.1481,0.04206,0.1384,0.04329,0.1375,0.05452,93.42,37.08,17.83,6.205,17.68,6.151,18.04,6.037,1.0
19,97.88,32.18,0.1482,0.04205,0.1384,0.04328,0.1375,0.05451,93.42,37.08,17.83,6.205,17.68,6.151,18.04,6.037,1.0
20,97.88,32.18,0.1482,0.04205,0.1385,0.04328,0.1376,0.0545,93.42,37.08,17.83,6.205,17.68,6.151,18.04,6.037,1.0
21,97.88,32.18,0.1483,0.04205,0.1386,0.04327,0.1377,0.0545,93.42,37.08,17.83,6.205,17.68,6.151,18.04,6.037,1.0
22,97.88,32.18,0.1484,0.04204,0.1386,0.04326,0.1377,0.05449,93.42,37.08,17.83,6.205,17.68,6.151,18.04,6.037,1.0
23,97.88,32.18,0.1484,0.04205,0.1386,0.04326,0.1377,0.05449,93.42,37.08,17.83,6.205,17.68,6.151,18.04,6.037,1.0
24,97.88,32.18,0.1485,0.04204,0.1387,0.04325,0.1378,0.05448,93.42,37.08,17.83,6.205,17.68,6.151,18.04,6.037,1.0
25,97.88,32.18,0.1486,0.04204,0.1388,0.04324,0.1379,0.05447,93.42,37.08,17.83,6.205,17.68,6.151,18.04,6.037,1.0
26,97.88,32.18,0.1487,0.04203,0.1388,0.04323,0.1379,0.05446,93.42,37.08,17.83,6.205,17.68,6.151,18.04,6.037,1.0
27,97.88,32.18,0.1488,0.04202,0.1389,0.04322,0.1379,0.05445,93.42,37.08,17.83,6.205,17.68,6.151,18.04,6.037,1.0
28,97.88,32.18,0.1489,0.04201,0.1389,0.04322,0.138,0.05446,93.42,37.08,17.83,6.205,17.68,6.151,18.04,6.037,1.0
29,97.88,32.18,0.1489,0.042,0.139,0.04321,0.138,0.05446,93.42,37.08,17.83,6.205,17.68,6.151,18.04,6.037,1.0
30,97.88,32.18,0.149,0.04199,0.139,0.0432,0.138,0.05445,93.42,37.08,17.83,6.205,17.68,6.151,18.04,6.037,1.0
31,97.88,32.18,0.1491,0.04199,0.1391,0.0432,0.1381,0.05445,93.42,37.08,17.83,6.205,17.68,6.151,18.04,6.037,1.0
32,97.88,32.18,0.1491,0.04198,0.1391,0.04319,0.1381,0.05445,93.42,37.08,17.83,6.205,17.68,6.151,18.04,6.037,1.0
33,97.88,32.18,0.1492,0.04197,0.1391,0.04318,0.1381,0.05444,93.42,37.08,17.83,6.205,17.68,6.151,18.04,6.037,1.0
34,97.88,32.18,0.1492,0.04197,0.1391,0.04318,0.1382,0.05442,93.42,37.08,17.83,6.205,17.68,6.151,18.04,6.037,1.0
35,97.88,32.18,0.1492,0.04196,0.1392,0.04317,0.1382,0.05441,93.42,37.08,17.83,6.205,17.68,6.151,18.04,6.037,1.0
36,97.88,32.18,0.1493,0.04195,0.1392,0.04316,0.1382,0.0544,93.42,37.08,17.83,6.205,17.68,6.151,18.04,6.037,1.0
37,97.88,32.18,0.1494,0.04194,0.1392,0.04314,0.1382,0.05438,93.42,37.08,17.83,6.205,17.68,6.151,18.04,6.037,1.0
38,97.88,32.18,0.1494,0.04192,0.1392,0.04314,0.1382,0.05437,93.42,37.08,17.83,6.205,17.68,6.151,18.04,6.037,1.0
39,97.88,32.18,0.1494,0.04192,0.1392,0.04314,0.1383,0.05436,93.42,37.08,17.83,6.205,17.68,6.151,18.04,6.037,1.0
40,97.88,32.18,0.1494,0.04192,0.1392,0.04314,0.1382,0.05435,93.42,37.08,17.83,6.205,17.68,6.151,18.04,6.037,1.0
41,97.88,32.18,0.1494,0.0419,0.1392,0.04314,0.1382,0.05435,93.42,37.08,17.83,6.205,17.68,6.151,18.04,6.037,1.0
42,97.88,32.18,0.1495,0.04189,0.1393,0.04313,0.1382,0.05434,93.42,37.08,17.83,6.205,17.68,6.151,18.04,6.037,1.0
43,97.88,32.18,0.1495,0.04188,0.1392,0.04313,0.1382,0.05432,93.42,37.08,17.83,6.205,17.68,6.151,18.04,6.037,1.0
44,97.88,32.18,0.1494,0.04188,0.1392,0.04313,0.1382,0.05431,93.42,37.08,17.83,6.205,17.68,6.151,18.04,6.037,1.0
45,97.88,32.18,0.1494,0.04188,0.1392,0.04314,0.1382,0.05431,93.42,37.08,17.83,6.205,17.68,6.151,18.04,6.037,1.0
46,97.88,32.18,0.1494,0.04187,0.1392,0.04314,0.1382,0.05432,93.42,37.08,17.83,6.205,17.68,6.151,18.04,6.037,1.0
47,97.88,32.18,0.1494,0.04186,0.1392,0.04314,0.1382,0.05431,93.42,37.08,17.83,6.205,17.68,6.151,18.04,6.037,1.0
48,97.88,32.18,0.1494,0.04185,0.1393,0.04314,0.1382,0.0543,93.42,37.08,17.83,6.205,17.68,6.151,18.04,6.037,1.0
49,97.88,32.18,0.1494,0.04186,0.1393,0.04315,0.1382,0.05431,95.51,34.59,18.19,5.773,18.04,5.723,18.4,5.61,1.0
50,97.88,32.18,0.1494,0.04185,0.1393,0.04315,0.1382,0.05431,91.99,33.2,17.52,5.538,17.37,5.491,17.72,5.382,1.0
51,97.88,32.18,0.1494,0.04185,0.1393,0.04316,0.1382,0.05431,88.48,31.81,16.85,5.304,16.71,5.259,17.04,5.154,1.0
52,97.88,32.18,0.1494,0.04185,0.1393,0.04317,0.1382,0.05431,82.88,32.9,16.18,5.07,16.04,5.027,16.36,4.927,1.0
53,97.88,32.18,0.1493,0.04185,0.1393,0.04317,0.1382,0.0543,79.36,31.5,15.5,4.836,15.37,4.795,15.68,4.699,1.0
54,97.88,32.18,0.1493,0.04185,0.1392,0.04317,0.1382,0.05429,75.84,30.11,14.83,4.602,14.71,4.563,15.0,4.471,1.0
55,97.88,32.18,0.1492,0.04185,0.1392,0.04318,0.1382,0.0543,72.33,28.72,14.16,4.368,14.04,4.331,14.32,4.244,1.0
56,97.88,32.18,0.1492,0.04186,0.1392,0.0432,0.1382,0.05431,68.81,27.33,13.49,4.134,13.38,4.099,13.64,4.016,1.0
57,97.88,32.18,0.1492,0.04186,0.1392,0.0432,0.1382,0.05432,65.3,25.94,12.82,3.9,12.71,3.867,12.96,3.788,1.0
58,97.88,32.18,0.1492,0.04186,0.1392,0.04321,0.1382,0.05433,61.78,24.55,12.15,3.666,12.04,3.635,12.28,3.561,1.0
59,97.88,32.18,0.1492,0.04186,0.1392,0.04321,0.1382,0.05433,58.26,23.16,11.48,3.432,11.38,3.403,11.61,3.333,1.0
60,97.88,32.18,0.1492,0.04186,0.1392,0.04322,0.1382,0.05434,54.74,21.77,10.8,3.198,10.71,3.171,10.93,3.105,1.0
61,97.88,32.18,0.1492,0.04187,0.1392,0.04323,0.1382,0.05435,51.23,20.38,10.13,2.964,10.05,2.939,10.25,2.878,1.0
62,97.88,32.18,0.1492,0.04187,0.1392,0.04324,0.1382,0.05436,47.72,18.99,9.462,2.73,9.38,2.707,9.568,2.65,1.0
63,97.88,32.18,0.1492,0.04187,0.1392,0.04324,0.1382,0.05437,44.2,17.6,8.791,2.496,8.714,2.475,8.889,2.422,1.0
64,97.88,32.18,0.1491,0.04187,0.1391,0.04324,0.1382,0.05438,38.61,18.68,8.119,2.262,8.048,2.243,8.209,2.195,1.0
65,97.88,32.18,0.1491,0.04187,0.1391,0.04325,0.1382,0.0544,33.02,19.77,7.448,2.028,7.382,2.011,7.53,1.967,1.0
66,97.88,32.18,0.149,0.04188,0.139,0.04326,0.1381,0.05441,29.5,18.38,6.776,1.794,6.716,1.78,6.851,1.739,1.0
67,97.88,32.18,0.149,0.04188,0.139,0.04326,0.1381,0.05442,23.8,19.6,6.085,1.584,6.03,1.571,6.152,1.535,1.0
68,97.88,32.18,0.149,0.04189,0.139,0.04327,0.1381,0.05443,18.28,20.9,5.431,1.387,5.381,1.376,5.49,1.344,1.0
69,97.88,32.18,0.149,0.04189,0.139,0.04327,0.1381,0.05443,15.04,19.8,4.814,1.203,4.769,1.194,4.867,1.165,1.0
70,97.88,32.18,0.149,0.04189,0.139,0.04327,0.1381,0.05444,10.02,21.12,4.234,1.032,4.194,1.024,4.281,0.9994,1.0
71,97.88,32.18,0.149,0.04188,0.139,0.04327,0.1381,0.05446,7.287,20.04,3.692,0.8741,3.656,0.8678,3.733,0.846,1.0
72,97.88,32.18,0.149,0.04188,0.1389,0.04328,0.1381,0.05447,4.748,19.04,3.187,0.7291,3.155,0.7241,3.222,0.7053,1.0
73,97.88,32.18,0.1489,0.04188,0.1389,0.04327,0.1381,0.05448,2.399,18.11,2.719,0.5971,2.691,0.5933,2.749,0.5773,1.0
74,97.88,32.18,0.1489,0.04188,0.1389,0.04327,0.138,0.05448,0.2479,17.27,2.288,0.4781,2.264,0.4754,2.314,0.4618,1.0
75,97.88,32.18,0.1488,0.04188,0.1388,0.04327,0.138,0.05449,-1.695,16.49,1.895,0.3721,1.874,0.3703,1.917,0.3591,1.0
76,97.88,32.18,0.1487,0.04189,0.1387,0.04327,0.1379,0.05449,-3.453,15.79,1.539,0.2791,1.521,0.2782,1.558,0.269,1.0
77,97.88,32.18,0.1487,0.0419,0.1387,0.04327,0.1379,0.0545,-5.019,15.18,1.22,0.1991,1.205,0.1989,1.236,0.1915,1.0
78,97.88,32.18,0.1486,0.04191,0.1386,0.04327,0.1378,0.05451,-6.389,14.64,0.9391,0.1321,0.9262,0.1326,0.9516,0.1267,1.0
79,97.88,32.18,0.1486,0.04191,0.1386,0.04327,0.1378,0.05451,-9.637,16.65,0.6951,0.07811,0.6842,0.07906,0.7052,0.07449,1.0
80,97.88,32.18,0.1485,0.04192,0.1386,0.04328,0.1378,0.05452,-10.62,16.27,0.4884,0.03711,0.4792,0.03845,0.4966,0.03497,1.0
81,97.88,32.18,0.1485,0.04192,0.1385,0.04328,0.1377,0.05453,-11.41,15.96,0.319,0.009111,0.3111,0.01073,0.3256,0.008103,1.0
82,97.88,32.18,0.1484,0.04193,0.1385,0.04329,0.1377,0.05455,-13.95,18.07,0.1869,-0.005875,0.1801,-0.004116,0.1925,-0.006132,1.0
83,97.88,32.18,0.1484,0.04194,0.1384,0.0433,0.1376,0.05457,-16.19,20.11,0.09209,-0.007866,0.08607,-0.006067,0.097,-0.007709,1.0
84,97.88,32.18,0.1483,0.04195,0.1384,0.04331,0.1376,0.0546,-16.16,19.77,0.03462,0.00314,0.02904,0.00487,0.03929,0.003363,1.0
85,97.88,32.18,0.1483,0.04196,0.1384,0.04332,0.1376,0.05462,-15.7,19.22,0.03459,0.003141,0.02899,0.004879,0.03921,0.00337,1.0
86,97.88,32.18,0.1482,0.04196,0.1384,0.04333,0.1376,0.05464,-17.2,21.01,0.03457,0.003141,0.02895,0.004884,0.03914,0.003375,1.0
87,97.88,32.18,0.1481,0.04198,0.1383,0.04334,0.1376,0.05465,-18.7,22.8,0.03451,0.003147,0.0289,0.004893,0.03906,0.003387,1.0
88,97.88,32.18,0.1481,0.04198,0.1383,0.04335,0.1375,0.05467,-18.13,22.11,0.03448,0.003146,0.02887,0.004901,0.039,0.003397,1.0
89,97.88,32.18,0.148,0.04199,0.1383,0.04336,0.1375,0.05468,-17.55,21.43,0.03444,0.003149,0.02884,0.004905,0.03895,0.003403,1.0
90,97.88,32.18,0.148,0.04199,0.1383,0.04336,0.1375,0.0547,-16.98,20.74,0.03439,0.003147,0.0288,0.004912,0.03888,0.003413,1.0
91,97.88,32.18,0.1479,0.042,0.1383,0.04337,0.1375,0.05471,-16.4,20.05,0.03432,0.003151,0.02874,0.004914,0.03879,0.003422,1.0
92,97.88,32.18,0.1478,0.04201,0.1382,0.04338,0.1374,0.05474,-17.9,21.83,0.03425,0.003164,0.02868,0.004929,0.03871,0.003436,1.0
93,97.88,32.18,0.1478,0.04202,0.1382,0.04339,0.1374,0.05477,-19.4,23.62,0.03421,0.003173,0.02865,0.004944,0.03865,0.003457,1.0
94,97.88,32.18,0.1477,0.04203,0.1382,0.04339,0.1373,0.0548,-20.9,25.41,0.03419,0.003183,0.02866,0.004952,0.03861,0.003479,1.0
95,97.88,32.18,0.1476,0.04204,0.1382,0.0434,0.1373,0.05484,-20.33,24.73,0.03417,0.003195,0.02867,0.004968,0.0386,0.003499,1.0
96,97.88,32.18,0.1476,0.04205,0.1382,0.04341,0.1373,0.05488,-19.75,24.04,0.03417,0.003206,0.0287,0.004977,0.03862,0.003516,1.0
97,97.88,32.18,0.1475,0.04207,0.1382,0.04344,0.1373,0.05492,-19.06,23.21,0.03417,0.00322,0.02873,0.004994,0.03864,0.003542,1.0
98,97.88,32.18,0.1475,0.04208,0.1382,0.04345,0.1373,0.05496,-20.44,24.86,0.03421,0.003227,0.02882,0.005008,0.03873,0.003558,1.0
99,97.88,32.18,0.1475,0.04208,0.1382,0.04345,0.1373,0.05499,-21.81,26.51,0.03426,0.003222,0.02892,0.005013,0.03882,0.003576,1.0
100,97.88,32.18,0.1475,0.04209,0.1382,0.04346,0.1373,0.055,-21.12,25.69,0.03429,0.003221,0.029,0.005021,0.03891,0.003585,1.0
101,97.88,32.18,0.1475,0.0421,0.1382,0.04347,0.1373,0.05503,-22.51,27.34,0.0343,0.003217,0.02909,0.005017,0.03898,0.003594,1.0
102,97.88,32.18,0.1475,0.0421,0.1383,0.04348,0.1373,0.05507,-21.82,26.51,0.03429,0.003207,0.02914,0.005014,0.03904,0.003606,1.0
103,97.88,32.18,0.1475,0.04211,0.1383,0.04349,0.1373,0.05508,-21.24,25.82,0.03425,0.003191,0.02917,0.005006,0.03906,0.003602,1.0
104,97.88,32.18,0.1474,0.04211,0.1383,0.04349,0.1373,0.0551,-20.66,25.13,0.03419,0.003179,0.02915,0.005,0.03901,0.00359,1.0
105,97.88,32.18,0.1474,0.04212,0.1383,0.0435,0.1373,0.05512,-19.96,24.3,0.03411,0.003164,0.02912,0.004992,0.03896,0.003574,1.0
106,97.88,32.18,0.1474,0.04213,0.1383,0.04352,0.1373,0.05514,-19.39,23.62,0.03403,0.003156,0.0291,0.004985,0.03887,0.003579,1.0
107,97.88,32.18,0.1474,0.04214,0.1384,0.04353,0.1373,0.05517,-18.82,22.94,0.034,0.003146,0.0291,0.004988,0.03885,0.00359,1.0
108,97.88,32.18,0.1474,0.04215,0.1384,0.04354,0.1374,0.0552,-18.24,22.25,0.03398,0.003135,0.02914,0.004993,0.03885,0.0036,1.0
109,97.88,32.18,0.1474,0.04215,0.1385,0.04355,0.1374,0.05523,-17.66,21.56,0.03398,0.003124,0.0292,0.004992,0.03887,0.003603,1.0
110,97.88,32.18,0.1475,0.04216,0.1386,0.04355,0.1375,0.05526,-16.96,20.73,0.03398,0.003112,0.02927,0.004987,0.03891,0.003603,1.0
111,97.88,32.18,0.1475,0.04216,0.1387,0.04356,0.1376,0.05529,-16.15,19.77,0.03399,0.003099,0.02933,0.004982,0.03893,0.003597,1.0
112,97.88,32.18,0.1476,0.04215,0.1388,0.04357,0.1377,0.05531,-15.24,18.68,0.03398,0.003084,0.02939,0.004978,0.03894,0.003592,1.0
113,97.88,32.18,0.1476,0.04216,0.1389,0.04358,0.1378,0.05534,-14.32,17.58,0.034,0.003063,0.02944,0.004978,0.03897,0.003583,1.0
114,97.88,32.18,0.1477,0.04216,0.139,0.04358,0.1379,0.05536,-13.39,16.48,0.03401,0.003042,0.02948,0.004977,0.03899,0.003577,1.0
115,97.88,32.18,0.1477,0.04216,0.139,0.04359,0.1379,0.05538,-12.58,15.51,0.03399,0.003025,0.02952,0.004969,0.039,0.003563,1.0
116,97.88,32.18,0.1478,0.04216,0.1391,0.04361,0.138,0.05542,-11.65,14.41,0.03398,0.003005,0.02953,0.004967,0.039,0.00357,1.0
117,97.88,32.18,0.1479,0.04217,0.1393,0.04362,0.1381,0.05545,-10.62,13.17,0.03401,0.002984,0.02959,0.004967,0.03903,0.003561,1.0
118,97.88,32.18,0.148,0.04216,0.1394,0.04362,0.1383,0.05548,-9.699,12.07,0.03404,0.002966,0.02966,0.004962,0.03906,0.00355,1.0
119,97.88,32.18,0.1481,0.04216,0.1396,0.04363,0.1384,0.0555,-8.775,10.97,0.03408,0.002943,0.02973,0.00495,0.03908,0.00354,1.0
120,97.88,32.18,0.1482,0.04216,0.1397,0.04363,0.1385,0.05552,-9.929,12.34,0.0341,0.002928,0.02978,0.004948,0.03911,0.003521,1.0
121,97.88,32.18,0.1483,0.04216,0.1399,0.04364,0.1387,0.05555,-11.08,13.72,0.03413,0.00291,0.02984,0.00494,0.03911,0.00351,1.0
122,97.88,32.18,0.1484,0.04215,0.14,0.04365,0.1389,0.05557,-12.36,15.23,0.03417,0.002891,0.02989,0.004938,0.03911,0.003493,1.0
123,97.88,32.18,0.1485,0.04215,0.1402,0.04365,0.139,0.0556,-11.66,14.4,0.03421,0.002876,0.02994,0.004934,0.03911,0.003479,1.0
124,97.88,32.18,0.1486,0.04215,0.1403,0.04365,0.1391,0.05563,-10.97,13.58,0.03426,0.002861,0.02998,0.00493,0.03911,0.00347,1.0
125,97.88,32.18,0.1487,0.04215,0.1405,0.04366,0.1393,0.05566,-12.36,15.23,0.03431,0.002846,0.03002,0.004925,0.0391,0.003449,1.0
126,97.88,32.18,0.1489,0.04216,0.1406,0.04367,0.1394,0.05569,-11.67,14.4,0.03437,0.002837,0.03009,0.004925,0.0391,0.003436,1.0
127,97.88,32.18,0.149,0.04215,0.1408,0.04367,0.1396,0.05571,-13.05,16.05,0.03446,0.002825,0.03016,0.004927,0.03915,0.003416,1.0
128,97.88,32.18,0.1492,0.04215,0.141,0.04367,0.1398,0.05573,-12.47,15.37,0.03455,0.002814,0.03024,0.004925,0.03918,0.003408,1.0
129,97.88,32.18,0.1493,0.04215,0.1412,0.04368,0.14,0.05575,-12.01,14.82,0.03464,0.002799,0.03032,0.004929,0.03922,0.003395,1.0
130,97.88,32.18,0.1494,0.04214,0.1414,0.04368,0.1402,0.05577,-13.74,16.88,0.03472,0.002791,0.03038,0.004935,0.03926,0.003388,1.0
131,97.88,32.18,0.1496,0.04214,0.1416,0.04367,0.1403,0.05579,-13.39,16.47,0.03479,0.002787,0.03045,0.004941,0.03928,0.003375,1.0
132,97.88,32.18,0.1497,0.04213,0.1418,0.04367,0.1405,0.0558,-15.12,18.53,0.03488,0.002778,0.03052,0.00494,0.03932,0.003363,1.0
133,97.88,32.18,0.1498,0.04212,0.1419,0.04367,0.1407,0.05582,-16.85,20.59,0.03495,0.002775,0.03058,0.004942,0.03933,0.003352,1.0
134,97.88,32.18,0.1499,0.04212,0.1421,0.04367,0.1409,0.05582,-18.7,22.79,0.03502,0.00277,0.03063,0.004945,0.03934,0.003352,1.0
135,97.88,32.18,0.15,0.04212,0.1422,0.04368,0.141,0.05584,-18.59,22.66,0.03508,0.00277,0.03067,0.00496,0.03934,0.003353,1.0
136,97.88,32.18,0.1502,0.04211,0.1424,0.04368,0.1411,0.05586,-18.47,22.52,0.03517,0.002769,0.03074,0.004974,0.03939,0.003349,1.0
137,97.88,32.18,0.1503,0.04211,0.1425,0.04369,0.1413,0.05588,-18.48,22.52,0.03528,0.002765,0.03084,0.004982,0.03946,0.003342,1.0
138,97.88,32.18,0.1505,0.0421,0.1427,0.04369,0.1415,0.05589,-20.44,24.86,0.0354,0.00276,0.03094,0.004984,0.03953,0.003335,1.0
139,97.88,32.18,0.1506,0.04209,0.1429,0.04369,0.1416,0.05589,-20.21,24.59,0.03551,0.002752,0.03103,0.004981,0.03958,0.003325,1.0
140,97.88,32.18,0.1507,0.04209,0.143,0.04369,0.1418,0.0559,-19.87,24.17,0.0356,0.002751,0.03111,0.004989,0.03962,0.003314,1.0
141,97.88,32.18,0.1508,0.04208,0.1432,0.04368,0.1419,0.0559,-19.52,23.76,0.03569,0.002747,0.03118,0.004991,0.03968,0.003299,1.0
142,97.88,32.18,0.1509,0.04208,0.1433,0.04368,0.1421,0.0559,-19.18,23.34,0.03575,0.002749,0.03124,0.004996,0.03972,0.003289,1.0
143,97.88,32.18,0.151,0.04207,0.1435,0.04368,0.1422,0.05589,-18.72,22.8,0.03581,0.002745,0.03129,0.004999,0.03975,0.003279,1.0
144,97.88,32.18,0.1511,0.04206,0.1436,0.04368,0.1423,0.05588,-18.26,22.25,0.03585,0.002747,0.03134,0.004998,0.03974,0.003278,1.0
145,97.88,32.18,0.1511,0.04206,0.1436,0.04368,0.1424,0.05588,-17.68,21.57,0.03589,0.002746,0.03134,0.005012,0.03972,0.003279,1.0
146,97.88,32.18,0.1512,0.04206,0.1437,0.04369,0.1425,0.05589,-17.11,20.88,0.03593,0.002748,0.03136,0.005029,0.03971,0.003282,1.0
147,97.88,32.18,0.1513,0.04206,0.1438,0.04369,0.1426,0.05589,-18.61,22.67,0.03597,0.002754,0.03143,0.005035,0.03975,0.00328,1.0
148,97.88,32.18,0.1514,0.04206,0.1439,0.04369,0.1427,0.05587,-19.99,24.32,0.03602,0.002759,0.03148,0.005044,0.03978,0.003284,1.0
149,97.88,32.18,0.1515,0.04205,0.144,0.04368,0.1428,0.05586,-19.28,23.49,0.03606,0.002766,0.03153,0.00505,0.03982,0.003276,1.0
150,97.88,32.18,0.1515,0.04204,0.1441,0.04368,0.1429,0.05586,-20.55,25.0,0.0361,0.002768,0.03157,0.005052,0.03985,0.003271,1.0
151,97.88,32.18,0.1516,0.04204,0.1442,0.04368,0.143,0.05584,-21.7,26.38,0.03612,0.002773,0.03161,0.005055,0.03987,0.003268,1.0
152,97.88,32.18,0.1517,0.04203,0.1443,0.04368,0.143,0.05584,-22.73,27.61,0.03615,0.002773,0.03164,0.005057,0.03988,0.003266,1.0
153,97.88,32.18,0.1517,0.04203,0.1444,0.04368,0.1431,0.05583,-23.77,28.85,0.03617,0.002775,0.03167,0.005057,0.03987,0.00327,1.0
154,97.88,32.18,0.1518,0.04203,0.1444,0.04368,0.1432,0.05582,-24.81,30.09,0.03619,0.002773,0.03169,0.005062,0.03985,0.003275,1.0
155,97.88,32.18,0.1518,0.04203,0.1445,0.04367,0.1432,0.05581,-25.85,31.33,0.03619,0.002778,0.03169,0.005063,0.03983,0.003273,1.0
156,97.88,32.18,0.1518,0.04204,0.1445,0.04368,0.1432,0.05582,-24.81,30.09,0.03617,0.002782,0.03166,0.005076,0.03978,0.003285,1.0
157,97.88,32.18,0.1518,0.04205,0.1445,0.04369,0.1433,0.05582,-23.88,28.99,0.03617,0.002787,0.03166,0.005089,0.03976,0.003291,1.0
158,97.88,32.18,0.1519,0.04204,0.1446,0.04369,0.1434,0.05582,-25.15,30.5,0.03619,0.00279,0.03172,0.005088,0.03976,0.003302,1.0
159,97.88,32.18,0.1519,0.04205,0.1447,0.04369,0.1434,0.05581,-24.35,29.54,0.03619,0.002795,0.03174,0.005095,0.03976,0.003309,1.0
160,97.88,32.18,0.1519,0.04205,0.1447,0.0437,0.1435,0.0558,-23.55,28.58,0.03617,0.002806,0.03174,0.005101,0.03974,0.003315,1.0
161,97.88,32.18,0.152,0.04206,0.1448,0.0437,0.1435,0.0558,-22.85,27.76,0.03616,0.002814,0.03175,0.005104,0.03972,0.003318,1.0
162,97.88,32.18,0.152,0.04206,0.1448,0.0437,0.1436,0.05579,-24.23,29.41,0.03615,0.002818,0.03176,0.005107,0.0397,0.003324,1.0
163,97.88,32.18,0.152,0.04207,0.1449,0.04371,0.1436,0.05579,-23.65,28.71,0.03614,0.002818,0.03177,0.005111,0.03971,0.00332,1.0
164,97.88,32.18,0.152,0.04207,0.1449,0.0437,0.1436,0.0558,-23.08,28.03,0.03612,0.002824,0.03178,0.005109,0.03967,0.003331,1.0
165,97.88,32.18,0.152,0.04207,0.1449,0.0437,0.1437,0.05579,-22.39,27.2,0.03608,0.002831,0.03176,0.005118,0.03962,0.003344,1.0
166,97.88,32.18,0.152,0.04207,0.1449,0.0437,0.1437,0.05579,-21.69,26.38,0.03602,0.002839,0.03172,0.005121,0.03956,0.003354,1.0
167,97.88,32.18,0.152,0.04208,0.1449,0.04372,0.1437,0.05579,-21.0,25.55,0.03598,0.002844,0.03168,0.005131,0.0395,0.003363,1.0
168,97.88,32.18,0.1519,0.0421,0.1449,0.04372,0.1437,0.0558,-22.39,27.2,0.03595,0.002853,0.03165,0.005143,0.03948,0.003366,1.0
169,97.88,32.18,0.152,0.0421,0.145,0.04372,0.1437,0.0558,-23.77,28.85,0.03593,0.002861,0.03166,0.005145,0.03947,0.003374,1.0
170,97.88,32.18,0.152,0.0421,0.145,0.04372,0.1438,0.05579,-23.09,28.03,0.03591,0.002865,0.03167,0.005144,0.03947,0.003377,1.0
171,97.88,32.18,0.152,0.04211,0.145,0.04372,0.1438,0.05578,-22.28,27.07,0.03589,0.002875,0.03166,0.00515,0.03945,0.00339,1.0
172,97.88,32.18,0.152,0.04212,0.145,0.04373,0.1438,0.05579,-23.44,28.44,0.03587,0.002879,0.03166,0.005152,0.03943,0.003397,1.0
173,97.88,32.18,0.152,0.04212,0.1451,0.04373,0.1439,0.05579,-24.48,29.68,0.03585,0.002883,0.03165,0.005156,0.03941,0.003404,1.0
174,97.88,32.18,0.152,0.04212,0.1451,0.04373,0.1439,0.0558,-23.55,28.58,0.03582,0.002886,0.03163,0.005158,0.0394,0.003408,1.0
175,97.88,32.18,0.152,0.04213,0.1451,0.04373,0.1439,0.05578,-22.63,27.48,0.03581,0.002884,0.03163,0.005154,0.03936,0.003415,1.0
176,97.88,32.18,0.152,0.04214,0.1451,0.04374,0.1439,0.05579,-23.67,28.71,0.03576,0.002889,0.03161,0.005155,0.03929,0.003427,1.0
177,97.88,32.18,0.152,0.04214,0.1451,0.04374,0.1439,0.05579,-24.71,29.95,0.03573,0.00289,0.03155,0.005164,0.03925,0.003431,1.0
178,97.88,32.18,0.1519,0.04215,0.145,0.04374,0.1438,0.0558,-25.75,31.19,0.03567,0.002893,0.0315,0.005165,0.03921,0.003434,1.0
179,97.88,32.18,0.1519,0.04216,0.145,0.04376,0.1438,0.05582,-24.7,29.94,0.03561,0.002904,0.03143,0.005179,0.03913,0.003446,1.0
180,97.88,32.18,0.1519,0.04217,0.145,0.04377,0.1438,0.05583,-25.62,31.04,0.03559,0.002906,0.03142,0.005181,0.03911,0.003455,1.0
181,97.88,32.18,0.1519,0.04218,0.145,0.04378,0.1439,0.05584,-26.55,32.14,0.03558,0.002901,0.03142,0.005184,0.03912,0.003453,1.0
182,97.88,32.18,0.1519,0.04218,0.145,0.04378,0.1439,0.05582,-25.4,30.77,0.03557,0.002905,0.03143,0.005184,0.03912,0.003453,1.0
183,97.88,32.18,0.1519,0.04219,0.1451,0.04378,0.1439,0.05583,-24.36,29.53,0.03554,0.002909,0.03142,0.005189,0.03909,0.003462,1.0
184,97.88,32.18,0.1519,0.0422,0.1451,0.04379,0.1439,0.05583,-19.92,29.82,0.03554,0.002907,0.03142,0.005191,0.03908,0.003467,1.0
185,97.88,32.18,0.152,0.0422,0.1451,0.0438,0.144,0.05582,-21.08,31.2,0.03553,0.002905,0.03142,0.005195,0.03909,0.003462,1.0
186,97.88,32.18,0.152,0.0422,0.1451,0.04379,0.144,0.05582,-20.16,30.1,0.03552,0.002901,0.03141,0.005196,0.03907,0.003466,1.0
187,97.88,32.18,0.152,0.0422,0.1451,0.04379,0.144,0.05583,-19.23,29.0,0.03551,0.002896,0.03139,0.005196,0.03906,0.003463,1.0
188,97.88,32.18,0.152,0.0422,0.1451,0.04379,0.144,0.05583,-18.42,28.04,0.03548,0.002897,0.03136,0.005197,0.03904,0.003459,1.0
189,97.88,32.18,0.1519,0.04221,0.145,0.0438,0.1439,0.05584,-17.72,27.21,0.03545,0.002897,0.03132,0.005199,0.03902,0.003452,1.0
190,97.88,32.18,0.1519,0.04221,0.145,0.0438,0.1439,0.05584,-19.1,28.86,0.03539,0.002896,0.03127,0.005198,0.03897,0.003452,1.0
191,97.88,32.18,0.1518,0.04223,0.1449,0.04381,0.1438,0.05585,-18.4,28.03,0.03534,0.002899,0.0312,0.005207,0.03895,0.003452,1.0
192,97.88,32.18,0.1519,0.04224,0.1449,0.04382,0.1439,0.05585,-19.78,29.68,0.03532,0.0029,0.0312,0.005212,0.03896,0.003447,1.0
193,97.88,32.18,0.1519,0.04224,0.1449,0.04382,0.1439,0.05585,-21.17,31.33,0.03533,0.002892,0.03124,0.005204,0.03896,0.003445,1.0
194,97.88,32.18,0.1519,0.04224,0.145,0.04382,0.1439,0.05585,-20.47,30.5,0.03534,0.002886,0.03125,0.005203,0.03899,0.003433,1.0
195,97.88,32.18,0.1519,0.04225,0.145,0.04382,0.1439,0.05585,-19.66,29.54,0.03533,0.002881,0.03125,0.005201,0.03899,0.003435,1.0
196,97.88,32.18,0.1519,0.04225,0.145,0.04382,0.1439,0.05587,-18.73,28.44,0.03533,0.002877,0.03125,0.005196,0.03898,0.003434,1.0
197,97.88,32.18,0.1519,0.04226,0.145,0.04382,0.1439,0.05587,-19.89,29.81,0.03534,0.002868,0.03126,0.005192,0.039,0.003421,1.0
198,97.88,32.18,0.1519,0.04226,0.145,0.04383,0.1439,0.05587,-18.97,28.71,0.03533,0.002861,0.03128,0.005183,0.03898,0.00342,1.0
199,97.88,32.18,0.1519,0.04227,0.145,0.04383,0.1439,0.05586,-17.93,27.47,0.03531,0.002856,0.03125,0.005189,0.03896,0.003416,1.0
200,97.88,32.18,0.1519,0.04227,0.1449,0.04383,0.1439,0.05586,-16.89,26.24,0.03529,0.002848,0.03123,0.00519,0.03896,0.003405,1.0
201,97.88,32.18,0.1518,0.04227,0.1449,0.04384,0.1438,0.05587,-15.85,24.99,0.03525,0.002845,0.03119,0.005193,0.03891,0.0034,1.0
202,97.88,32.18,0.1518,0.04228,0.1448,0.04384,0.1438,0.05588,-15.01,23.68,0.0352,0.002841,0.03113,0.005198,0.03884,0.003396,1.0
203,97.88,32.18,0.1517,0.04229,0.1448,0.04386,0.1437,0.0559,-16.13,24.71,0.03518,0.00284,0.03108,0.005208,0.03881,0.003389,1.0
204,97.88,32.18,0.1517,0.0423,0.1448,0.04387,0.1437,0.05591,-15.28,23.39,0.03517,0.002842,0.03106,0.005221,0.0388,0.003387,1.0
205,97.88,32.18,0.1517,0.0423,0.1448,0.04387,0.1437,0.05593,-14.55,22.21,0.03518,0.002836,0.03106,0.005224,0.0388,0.003382,1.0
206,97.88,32.18,0.1517,0.0423,0.1448,0.04387,0.1437,0.05594,-13.83,21.04,0.03518,0.002829,0.03108,0.005219,0.0388,0.003376,1.0
207,97.88,32.18,0.1517,0.04231,0.1448,0.04387,0.1437,0.05595,-13.1,19.86,0.03517,0.002828,0.03107,0.005221,0.03877,0.00337,1.0
208,97.88,32.18,0.1517,0.04231,0.1448,0.04388,0.1437,0.05594,-12.37,18.68,0.03517,0.002826,0.03105,0.005227,0.03878,0.003355,1.0
209,97.88,32.18,0.1517,0.04231,0.1448,0.04388,0.1438,0.05594,-13.84,20.12,0.03516,0.002818,0.03103,0.005231,0.03874,0.003359,1.0
210,97.88,32.18,0.1517,0.04231,0.1448,0.04388,0.1438,0.05593,-15.19,21.41,0.03515,0.002813,0.031,0.005238,0.03871,0.003354,1.0
211,97.88,32.18,0.1517,0.04232,0.1448,0.04388,0.1438,0.05594,-16.42,22.57,0.03514,0.002806,0.03099,0.00524,0.03868,0.003346,1.0
212,97.88,32.18,0.1517,0.04232,0.1448,0.04388,0.1437,0.05594,-15.7,21.39,0.03511,0.002801,0.03095,0.005239,0.03863,0.00334,1.0
213,97.88,32.18,0.1516,0.04233,0.1447,0.04389,0.1437,0.05594,-15.08,20.35,0.03507,0.002796,0.03088,0.00524,0.03856,0.003328,1.0
214,97.88,32.18,0.1516,0.04234,0.1446,0.04391,0.1436,0.05596,-14.59,19.45,0.03502,0.002797,0.03081,0.005252,0.03849,0.00333,1.0
215,97.88,32.18,0.1515,0.04235,0.1446,0.04392,0.1436,0.05596,-13.98,18.41,0.03501,0.00279,0.03077,0.005266,0.03845,0.00333,1.0
216,97.88,32.18,0.1515,0.04235,0.1446,0.04393,0.1436,0.05597,-13.49,17.51,0.03501,0.002783,0.03075,0.005273,0.03841,0.003329,1.0
217,97.88,32.18,0.1515,0.04235,0.1446,0.04393,0.1436,0.05598,-15.18,19.22,0.03501,0.002777,0.03073,0.005274,0.0384,0.003321,1.0
218,97.88,32.18,0.1515,0.04236,0.1446,0.04393,0.1436,0.05598,-14.8,18.46,0.035,0.002772,0.03071,0.005276,0.03835,0.003319,1.0
219,97.88,32.18,0.1515,0.04237,0.1446,0.04394,0.1436,0.05598,-14.43,17.7,0.03499,0.002765,0.03069,0.005277,0.03829,0.003323,1.0
220,97.88,32.18,0.1515,0.04237,0.1446,0.04394,0.1435,0.05599,-13.85,17.01,0.03497,0.002759,0.03067,0.005275,0.03826,0.003321,1.0
221,97.88,32.18,0.1515,0.04237,0.1446,0.04394,0.1435,0.05599,-13.28,16.32,0.03495,0.002748,0.03064,0.005277,0.03821,0.003322,1.0
222,97.88,32.18,0.1515,0.04237,0.1446,0.04394,0.1435,0.05599,-12.7,15.63,0.03493,0.002737,0.03061,0.005273,0.03816,0.003323,1.0
223,97.88,32.18,0.1514,0.04237,0.1445,0.04395,0.1435,0.05598,-12.13,14.95,0.03489,0.002728,0.03057,0.005272,0.03808,0.003327,1.0
224,97.88,32.18,0.1513,0.04238,0.1445,0.04395,0.1434,0.056,-11.55,14.26,0.03485,0.002717,0.0305,0.005277,0.03798,0.003333,1.0
225,97.88,32.18,0.1513,0.04239,0.1444,0.04397,0.1434,0.056,-10.98,13.57,0.0348,0.002706,0.03042,0.005283,0.03787,0.003344,1.0
226,97.88,32.18,0.1512,0.0424,0.1443,0.04398,0.1433,0.05601,-10.52,13.03,0.03478,0.002696,0.03037,0.005293,0.03782,0.003348,1.0
227,97.88,32.18,0.1512,0.04241,0.1443,0.04399,0.1433,0.05602,-12.02,14.81,0.03476,0.002691,0.03035,0.0053,0.03779,0.003352,1.0
228,97.88,32.18,0.1512,0.04241,0.1444,0.04399,0.1433,0.05603,-11.45,14.13,0.03476,0.002685,0.03035,0.005306,0.03777,0.00335,1.0
229,97.88,32.18,0.1512,0.04242,0.1444,0.04399,0.1434,0.05602,-12.94,15.91,0.03475,0.002677,0.03033,0.005313,0.03774,0.003356,1.0
230,97.88,32.18,0.1512,0.04242,0.1444,0.04399,0.1434,0.05602,-14.44,17.7,0.03474,0.002664,0.03031,0.005314,0.03769,0.003358,1.0
231,97.88,32.18,0.1512,0.04242,0.1444,0.044,0.1434,0.05602,-13.87,17.02,0.03472,0.002655,0.03032,0.005311,0.03767,0.003358,1.0
232,97.88,32.18,0.1513,0.04242,0.1444,0.044,0.1434,0.05602,-13.29,16.33,0.0347,0.002642,0.03029,0.005321,0.03762,0.003364,1.0
233,97.88,32.18,0.1513,0.04242,0.1444,0.04401,0.1434,0.05603,-12.83,15.78,0.03468,0.002628,0.03028,0.005321,0.0376,0.003356,1.0
234,97.88,32.18,0.1513,0.04243,0.1444,0.04401,0.1433,0.05603,-12.37,15.23,0.03465,0.002611,0.03026,0.005322,0.03755,0.003353,1.0
235,97.88,32.18,0.1512,0.04243,0.1444,0.04401,0.1433,0.05604,-11.78,14.54,0.03459,0.002604,0.03022,0.005329,0.03748,0.003365,1.0
236,97.88,32.18,0.1512,0.04244,0.1443,0.04403,0.1433,0.05606,-11.2,13.85,0.03454,0.002594,0.03017,0.005333,0.0374,0.003367,1.0
237,97.88,32.18,0.1512,0.04246,0.1443,0.04404,0.1432,0.05607,-10.62,13.16,0.03451,0.002586,0.03016,0.005332,0.03735,0.003369,1.0
238,97.88,32.18,0.1512,0.04246,0.1443,0.04404,0.1433,0.05607,-10.05,12.48,0.0345,0.002574,0.03016,0.005337,0.03733,0.00337,1.0
239,97.88,32.18,0.1512,0.04246,0.1444,0.04404,0.1433,0.05608,-9.592,11.93,0.03449,0.002561,0.03016,0.005342,0.03731,0.003374,1.0
240,97.88,32.18,0.1513,0.04246,0.1444,0.04404,0.1433,0.05608,-9.131,11.37,0.03448,0.002546,0.03017,0.00535,0.03728,0.003378,1.0
241,97.88,32.18,0.1513,0.04247,0.1444,0.04404,0.1433,0.05609,-8.668,10.82,0.03446,0.00254,0.03018,0.005357,0.03727,0.003381,1.0
242,97.88,32.18,0.1513,0.04247,0.1445,0.04405,0.1433,0.05609,-8.204,10.27,0.03444,0.00253,0.03018,0.005365,0.03726,0.003383,1.0
243,97.88,32.18,0.1513,0.04247,0.1445,0.04404,0.1433,0.05609,-9.821,12.2,0.03442,0.002521,0.0302,0.005364,0.03724,0.003386,1.0
244,97.88,32.18,0.1513,0.04247,0.1445,0.04404,0.1434,0.05609,-9.361,11.65,0.0344,0.002513,0.0302,0.005362,0.03723,0.003382,1.0
245,97.88,32.18,0.1513,0.04248,0.1445,0.04404,0.1434,0.0561,-8.894,11.09,0.03439,0.0025,0.03019,0.00537,0.03722,0.003377,1.0
246,97.88,32.18,0.1513,0.04248,0.1445,0.04404,0.1433,0.0561,-8.547,10.68,0.03435,0.002489,0.03017,0.005372,0.03719,0.003376,1.0
247,97.88,32.18,0.1513,0.04249,0.1445,0.04405,0.1433,0.05611,-8.202,10.26,0.0343,0.002484,0.03016,0.005376,0.03713,0.003389,1.0
248,97.88,32.18,0.1513,0.0425,0.1445,0.04406,0.1433,0.05611,-7.754,9.727,0.03428,0.002479,0.03017,0.00538,0.03712,0.00339,1.0
249,97.88,32.18,0.1514,0.0425,0.1446,0.04406,0.1434,0.05611,-7.294,9.176,0.03428,0.002473,0.0302,0.005385,0.03713,0.003397,1.0
250,97.88,32.18,0.1514,0.0425,0.1446,0.04405,0.1434,0.05612,-6.828,8.624,0.03429,0.002464,0.03023,0.005384,0.03716,0.003397,1.0
251,97.88,32.18,0.1515,0.04251,0.1447,0.04406,0.1434,0.05612,-6.367,8.075,0.03427,0.002461,0.03025,0.005389,0.03717,0.003393,1.0
252,97.88,32.18,0.1515,0.04251,0.1447,0.04406,0.1434,0.05613,-7.982,10.0,0.03426,0.002454,0.03028,0.005392,0.03717,0.003397,1.0
253,97.88,32.18,0.1515,0.04252,0.1447,0.04406,0.1434,0.05613,-7.639,9.587,0.03426,0.002448,0.03032,0.005392,0.03718,0.0034,1.0
254,97.88,32.18,0.1515,0.04252,0.1448,0.04406,0.1434,0.05613,-7.296,9.176,0.03426,0.002444,0.03035,0.005391,0.03719,0.003402,1.0
255,97.88,32.18,0.1516,0.04252,0.1448,0.04406,0.1434,0.05613,-6.956,8.769,0.03425,0.00244,0.03039,0.005387,0.03719,0.003402,1.0
256,97.88,32.18,0.1516,0.04252,0.1448,0.04405,0.1435,0.05613,-6.614,8.356,0.03422,0.002439,0.03041,0.005377,0.03718,0.003402,1.0
257,97.88,32.18,0.1516,0.04252,0.1448,0.04406,0.1435,0.05614,-6.27,7.943,0.03418,0.002439,0.03041,0.005374,0.03714,0.003404,1.0
258,97.88,32.18,0.1515,0.04253,0.1448,0.04407,0.1434,0.05616,-7.997,10.0,0.03415,0.002442,0.03039,0.005379,0.0371,0.003412,1.0
259,97.88,32.18,0.1516,0.04254,0.1449,0.04407,0.1435,0.05616,-7.655,9.593,0.03415,0.002441,0.03043,0.005376,0.03711,0.003416,1.0
260,97.88,32.18,0.1516,0.04254,0.1449,0.04407,0.1435,0.05616,-7.314,9.185,0.03417,0.002436,0.0305,0.005365,0.03715,0.003417,1.0
261,97.88,32.18,0.1516,0.04254,0.145,0.04406,0.1435,0.05616,-8.93,11.11,0.03418,0.002434,0.03054,0.005362,0.0372,0.003407,1.0
262,97.88,32.18,0.1517,0.04254,0.145,0.04406,0.1436,0.05614,-8.474,10.57,0.03418,0.002438,0.0306,0.005353,0.03723,0.003408,1.0
263,97.88,32.18,0.1517,0.04255,0.1451,0.04406,0.1436,0.05614,-8.127,10.16,0.03418,0.002436,0.03063,0.005353,0.03723,0.003413,1.0
264,97.88,32.18,0.1517,0.04255,0.1451,0.04406,0.1437,0.05613,-7.777,9.739,0.0342,0.002435,0.03066,0.00535,0.03725,0.003417,1.0
265,97.88,32.18,0.1517,0.04255,0.1452,0.04405,0.1437,0.05613,-9.625,11.94,0.03421,0.002432,0.03069,0.005345,0.03727,0.003415,1.0
266,97.88,32.18,0.1517,0.04255,0.1452,0.04405,0.1437,0.05613,-9.506,11.8,0.03422,0.002429,0.03072,0.005341,0.03727,0.00342,1.0
267,97.88,32.18,0.1517,0.04255,0.1452,0.04405,0.1438,0.05612,-9.389,11.66,0.03422,0.002423,0.03072,0.005349,0.03726,0.003419,1.0
268,97.88,32.18,0.1517,0.04256,0.1452,0.04405,0.1438,0.05612,-11.35,14.0,0.0342,0.002425,0.03073,0.005347,0.03722,0.003435,1.0
269,97.88,32.18,0.1517,0.04256,0.1453,0.04406,0.1438,0.05614,-13.31,16.33,0.03421,0.002429,0.03077,0.005345,0.03723,0.003445,1.0
270,97.88,32.18,0.1517,0.04257,0.1453,0.04405,0.1438,0.05615,-15.15,18.53,0.03423,0.002432,0.03082,0.005354,0.03728,0.003445,1.0
271,97.88,32.18,0.1518,0.04257,0.1454,0.04405,0.1439,0.05613,-17.0,20.73,0.03426,0.002435,0.03087,0.005352,0.03733,0.003446,1.0
272,97.88,32.18,0.1518,0.04257,0.1455,0.04404,0.144,0.05613,-16.77,20.46,0.03428,0.002432,0.03093,0.005346,0.03737,0.00344,1.0
273,97.88,32.18,0.1518,0.04257,0.1455,0.04404,0.144,0.05612,-16.54,20.18,0.0343,0.002434,0.03098,0.00534,0.03742,0.003437,1.0
274,97.88,32.18,0.1519,0.04257,0.1456,0.04404,0.1441,0.05612,-16.31,19.91,0.03435,0.002428,0.03102,0.005337,0.03746,0.003439,1.0
275,97.88,32.18,0.1519,0.04257,0.1456,0.04404,0.1441,0.05612,-18.15,22.11,0.03438,0.00243,0.03107,0.005339,0.03749,0.003439,1.0
276,97.88,32.18,0.1519,0.04257,0.1457,0.04404,0.1442,0.05611,-17.81,21.69,0.03441,0.002431,0.03111,0.005337,0.03753,0.003433,1.0
277,97.88,32.18,0.1519,0.04257,0.1458,0.04403,0.1442,0.05612,-17.46,21.29,0.03442,0.002431,0.03116,0.005333,0.03758,0.003431,1.0
278,97.88,32.18,0.1519,0.04257,0.1458,0.04403,0.1442,0.05612,-17.12,20.88,0.03444,0.002422,0.03118,0.005335,0.03761,0.003424,1.0
279,97.88,32.18,0.1519,0.04257,0.1458,0.04404,0.1442,0.05612,-18.84,22.94,0.03444,0.002424,0.03119,0.005338,0.03761,0.003431,1.0
280,97.88,32.18,0.152,0.04257,0.1458,0.04404,0.1442,0.05612,-18.5,22.53,0.03447,0.002428,0.03124,0.005344,0.03764,0.003435,1.0
281,97.88,32.18,0.152,0.04258,0.1459,0.04404,0.1443,0.05611,-18.15,22.11,0.03451,0.002427,0.03133,0.005336,0.0377,0.003442,1.0
282,97.88,32.18,0.1521,0.04257,0.146,0.04403,0.1444,0.05611,-17.8,21.7,0.03457,0.002424,0.0314,0.005337,0.03777,0.003434,1.0
283,97.88,32.18,0.1521,0.04257,0.1461,0.04403,0.1445,0.05611,-17.34,21.15,0.03462,0.002423,0.03148,0.005334,0.03786,0.003426,1.0
284,97.88,32.18,0.1521,0.04257,0.1462,0.04402,0.1445,0.0561,-18.96,23.07,0.03466,0.002425,0.03155,0.005333,0.03794,0.003412,1.0
285,97.88,32.18,0.1522,0.04257,0.1462,0.04402,0.1446,0.05609,-20.57,25.0,0.0347,0.002427,0.03162,0.005326,0.03801,0.00341,1.0
286,97.88,32.18,0.1522,0.04257,0.1463,0.04401,0.1447,0.05608,-19.99,24.31,0.03475,0.002426,0.03168,0.005329,0.03808,0.003406,1.0
287,97.88,32.18,0.1523,0.04256,0.1464,0.044,0.1447,0.05607,-19.3,23.49,0.0348,0.002428,0.03173,0.005331,0.03815,0.003403,1.0
288,97.88,32.18,0.1523,0.04255,0.1464,0.04399,0.1448,0.05606,-18.61,22.66,0.03484,0.002426,0.03177,0.005327,0.0382,0.003399,1.0
289,97.88,32.18,0.1523,0.04255,0.1464,0.04399,0.1448,0.05605,-17.8,21.7,0.03487,0.00242,0.03182,0.005319,0.03824,0.003396,1.0
290,97.88,32.18,0.1523,0.04255,0.1464,0.044,0.1448,0.05605,-16.98,20.74,0.03489,0.002422,0.03184,0.005321,0.03829,0.003394,1.0
291,97.88,32.18,0.1524,0.04255,0.1465,0.044,0.1448,0.05604,-16.17,19.77,0.03494,0.002421,0.03189,0.005326,0.03835,0.003397,1.0
292,97.88,32.18,0.1524,0.04254,0.1466,0.04399,0.1449,0.05604,-17.44,21.29,0.035,0.002419,0.03198,0.00532,0.03844,0.003389,1.0
293,97.88,32.18,0.1525,0.04254,0.1466,0.04399,0.1449,0.05603,-16.51,20.18,0.03506,0.002417,0.03208,0.005309,0.03853,0.003377,1.0
294,97.88,32.18,0.1526,0.04253,0.1467,0.04397,0.145,0.05602,-17.78,21.7,0.03512,0.002415,0.03216,0.005301,0.0386,0.003369,1.0
295,97.88,32.18,0.1526,0.04253,0.1468,0.04398,0.145,0.05601,-16.97,20.74,0.03519,0.002409,0.03224,0.005293,0.03869,0.00336,1.0
296,97.88,32.18,0.1527,0.04252,0.1468,0.04397,0.1451,0.056,-18.24,22.25,0.03525,0.002404,0.03233,0.005288,0.03876,0.003358,1.0
297,97.88,32.18,0.1527,0.04252,0.1469,0.04397,0.1452,0.05599,-19.5,23.76,0.03533,0.002397,0.03242,0.005278,0.03883,0.003352,1.0
298,97.88,32.18,0.1528,0.04251,0.1469,0.04397,0.1453,0.05598,-18.69,22.8,0.03538,0.002393,0.03251,0.005266,0.03892,0.003344,1.0
299,97.88,32.18,0.1528,0.0425,0.147,0.04396,0.1453,0.05597,-19.95,24.31,0.03542,0.002395,0.03258,0.005256,0.03898,0.003334,1.0
300,97.88,32.18,0.1529,0.04249,0.147,0.04395,0.1453,0.05595,-19.14,23.35,0.03544,0.002398,0.03263,0.005249,0.03903,0.003328,1.0
301,97.88,32.18,0.1529,0.04249,0.147,0.04395,0.1453,0.05594,-18.45,22.52,0.03547,0.002396,0.03266,0.00524,0.03906,0.003321,1.0
302,97.88,32.18,0.1529,0.04249,0.147,0.04396,0.1453,0.05595,-17.65,21.56,0.03552,0.002396,0.03271,0.005237,0.03912,0.003315,1.0
303,97.88,32.18,0.1529,0.04249,0.1471,0.04396,0.1454,0.05595,-18.8,22.93,0.03558,0.002392,0.03278,0.005233,0.03919,0.003316,1.0
304,97.88,32.18,0.153,0.04249,0.1472,0.04395,0.1455,0.05594,-18.0,21.97,0.03565,0.002389,0.03288,0.005221,0.03927,0.003306,1.0
305,97.88,32.18,0.153,0.04247,0.1473,0.04394,0.1455,0.05594,-17.3,21.14,0.03572,0.002388,0.03297,0.005213,0.03935,0.003296,1.0
306,97.88,32.18,0.1531,0.04247,0.1473,0.04394,0.1456,0.05593,-18.8,22.93,0.03578,0.002384,0.03305,0.005207,0.03943,0.003291,1.0
307,97.88,32.18,0.1531,0.04246,0.1474,0.04394,0.1456,0.05591,-20.41,24.85,0.03585,0.002383,0.03315,0.005194,0.03951,0.003285,1.0
308,97.88,32.18,0.1532,0.04244,0.1474,0.04393,0.1457,0.0559,-19.95,24.3,0.03592,0.002375,0.03323,0.005186,0.03958,0.003283,1.0
309,97.88,32.18,0.1533,0.04243,0.1475,0.04393,0.1458,0.05588,-19.49,23.75,0.03599,0.002365,0.03329,0.00518,0.03965,0.003275,1.0
310,97.88,32.18,0.1533,0.04242,0.1475,0.04393,0.1458,0.05587,-18.91,23.06,0.03604,0.002356,0.03335,0.005175,0.0397,0.003272,1.0
311,97.88,32.18,0.1534,0.04242,0.1475,0.04393,0.1458,0.05587,-18.45,22.51,0.03608,0.002342,0.03342,0.005166,0.03974,0.003273,1.0
312,97.88,32.18,0.1534,0.0424,0.1476,0.04393,0.1459,0.05586,-19.94,24.3,0.03611,0.002329,0.03347,0.005156,0.03976,0.00327,1.0
313,97.88,32.18,0.1534,0.0424,0.1476,0.04393,0.1459,0.05586,-19.38,23.62,0.03614,0.00232,0.0335,0.005154,0.03975,0.003278,1.0
314,97.88,32.18,0.1535,0.0424,0.1477,0.04394,0.1459,0.05587,-20.76,25.27,0.03618,0.002308,0.03356,0.00515,0.03979,0.003281,1.0
315,97.88,32.18,0.1536,0.0424,0.1477,0.04393,0.146,0.05586,-20.07,24.44,0.03623,0.002296,0.03363,0.005148,0.03987,0.00328,1.0
316,97.88,32.18,0.1537,0.04239,0.1478,0.04393,0.146,0.05585,-19.38,23.62,0.03627,0.002283,0.03371,0.005141,0.03993,0.003272,1.0
317,97.88,32.18,0.1537,0.04238,0.1479,0.04393,0.1461,0.05585,-18.57,22.65,0.03632,0.002267,0.03378,0.005134,0.03999,0.003268,1.0
318,97.88,32.18,0.1538,0.04237,0.1479,0.04393,0.1462,0.05584,-19.85,24.17,0.03636,0.002254,0.03385,0.005122,0.04004,0.003265,1.0
319,97.88,32.18,0.1539,0.04237,0.148,0.04393,0.1463,0.05583,-19.04,23.2,0.0364,0.002237,0.03391,0.005115,0.04011,0.003258,1.0
320,97.88,32.18,0.154,0.04236,0.1481,0.04393,0.1463,0.05581,-18.34,22.37,0.03644,0.002221,0.03397,0.005106,0.04018,0.003237,1.0
321,97.88,32.18,0.154,0.04235,0.1481,0.04392,0.1464,0.0558,-17.65,21.55,0.03644,0.002213,0.03403,0.00509,0.04025,0.003224,1.0
322,97.88,32.18,0.1541,0.04234,0.1482,0.04392,0.1464,0.05581,-16.96,20.72,0.03647,0.002194,0.03406,0.005079,0.04028,0.003212,1.0
323,97.88,32.18,0.1541,0.04233,0.1482,0.04392,0.1464,0.0558,-18.35,22.37,0.03647,0.002179,0.03407,0.00507,0.04029,0.003208,1.0
324,97.88,32.18,0.1541,0.04232,0.1482,0.04392,0.1464,0.05579,-19.62,23.89,0.03646,0.002165,0.03406,0.005054,0.04027,0.003214,1.0
325,97.88,32.18,0.1541,0.04232,0.1481,0.04392,0.1464,0.05578,-18.7,22.78,0.03644,0.002154,0.03405,0.005047,0.04024,0.003218,1.0
326,97.88,32.18,0.1541,0.04231,0.1481,0.04393,0.1464,0.05577,-17.77,21.68,0.03646,0.002137,0.03406,0.005036,0.04026,0.003217,1.0
327,97.88,32.18,0.1542,0.0423,0.1482,0.04392,0.1464,0.05576,-16.85,20.58,0.03648,0.002122,0.0341,0.005024,0.0403,0.003211,1.0
328,97.88,32.18,0.1542,0.04228,0.1482,0.04392,0.1465,0.05574,-18.12,22.09,0.03651,0.002108,0.03414,0.005006,0.04034,0.003202,1.0
329,97.88,32.18,0.1543,0.04227,0.1483,0.04391,0.1465,0.05573,-17.31,21.13,0.03651,0.002091,0.03417,0.004983,0.04037,0.003192,1.0
330,97.88,32.18,0.1543,0.04226,0.1483,0.0439,0.1465,0.05571,-16.51,20.18,0.03654,0.002071,0.0342,0.004968,0.04041,0.003182,1.0
331,97.88,32.18,0.1544,0.04225,0.1483,0.0439,0.1466,0.05569,-15.7,19.22,0.03656,0.002051,0.03422,0.004955,0.04045,0.003167,1.0
332,97.88,32.18,0.1544,0.04223,0.1483,0.04389,0.1466,0.05567,-14.9,18.26,0.03658,0.002035,0.03424,0.004937,0.04048,0.003152,1.0
333,97.88,32.18,0.1544,0.04222,0.1483,0.04388,0.1466,0.05566,-16.28,19.91,0.03658,0.002018,0.03425,0.004919,0.04049,0.003143,1.0
334,97.88,32.18,0.1544,0.04221,0.1483,0.04388,0.1466,0.05565,-15.59,19.08,0.03659,0.001999,0.03424,0.004897,0.04049,0.003134,1.0
335,97.88,32.18,0.1544,0.04219,0.1483,0.04388,0.1466,0.05563,-15.02,18.4,0.03656,0.001987,0.03423,0.004874,0.04049,0.003122,1.0
336,97.88,32.18,0.1544,0.04218,0.1482,0.04388,0.1466,0.05562,-14.32,17.57,0.03654,0.00197,0.03419,0.004856,0.04043,0.00312,1.0
337,97.88,32.18,0.1544,0.04218,0.1482,0.04389,0.1465,0.05561,-13.63,16.75,0.0365,0.001967,0.03417,0.00484,0.04042,0.003113,1.0
338,97.88,32.18,0.1544,0.04217,0.1482,0.04388,0.1465,0.05561,-12.94,15.92,0.0365,0.001953,0.03418,0.004826,0.04044,0.003101,1.0
339,97.88,32.18,0.1544,0.04216,0.1482,0.04388,0.1465,0.05559,-12.38,15.25,0.03651,0.001939,0.0342,0.004804,0.04048,0.003082,1.0
340,97.88,32.18,0.1544,0.04215,0.1482,0.04387,0.1466,0.05556,-13.88,17.03,0.03653,0.001924,0.03422,0.004785,0.04051,0.003069,1.0
341,97.88,32.18,0.1544,0.04213,0.1482,0.04386,0.1466,0.05554,-13.18,16.21,0.03654,0.00191,0.03422,0.00477,0.04054,0.003056,1.0
342,97.88,32.18,0.1544,0.04212,0.1482,0.04385,0.1466,0.05554,-12.49,15.39,0.03654,0.001903,0.03422,0.004755,0.04056,0.003041,1.0
343,97.88,32.18,0.1544,0.0421,0.1482,0.04384,0.1465,0.05553,-11.91,14.7,0.03654,0.001893,0.03424,0.004736,0.04058,0.003026,1.0
344,97.88,32.18,0.1544,0.04209,0.1482,0.04383,0.1465,0.05553,-13.41,16.49,0.03654,0.001887,0.03423,0.004717,0.04058,0.003007,1.0
345,97.88,32.18,0.1544,0.04207,0.1482,0.04383,0.1465,0.05552,-14.91,18.28,0.03652,0.001883,0.0342,0.004705,0.04059,0.002997,1.0
346,97.88,32.18,0.1544,0.04205,0.1481,0.04382,0.1465,0.05551,-14.22,17.45,0.0365,0.001874,0.03417,0.004689,0.04059,0.002979,1.0
347,97.88,32.18,0.1543,0.04204,0.1481,0.04381,0.1464,0.0555,-13.53,16.63,0.03648,0.001865,0.03414,0.004671,0.04055,0.00297,1.0
348,97.88,32.18,0.1543,0.04203,0.148,0.04381,0.1464,0.0555,-12.95,15.94,0.03643,0.00186,0.0341,0.004657,0.04049,0.002956,1.0
349,97.88,32.18,0.1542,0.04203,0.1479,0.04381,0.1463,0.05551,-12.37,15.26,0.0364,0.001861,0.03406,0.004649,0.04045,0.002949,1.0
350,97.88,32.18,0.1542,0.04202,0.1479,0.04381,0.1463,0.0555,-11.92,14.71,0.03641,0.001854,0.03403,0.004647,0.04045,0.00294,1.0
351,97.88,32.18,0.1542,0.04201,0.1479,0.0438,0.1463,0.05549,-13.42,16.5,0.03641,0.001849,0.03404,0.004631,0.04046,0.002932,1.0
352,97.88,32.18,0.1542,0.042,0.148,0.04379,0.1463,0.05548,-14.92,18.28,0.03639,0.001851,0.03404,0.004621,0.04048,0.002918,1.0
353,97.88,32.18,0.1541,0.042,0.148,0.04379,0.1463,0.05548,-14.35,17.6,0.03638,0.001847,0.03403,0.004613,0.04049,0.002906,1.0
354,97.88,32.18,0.1541,0.04199,0.148,0.04379,0.1462,0.05548,-13.89,17.05,0.03637,0.001842,0.03402,0.004609,0.04047,0.002896,1.0
355,97.88,32.18,0.1541,0.04198,0.148,0.04378,0.1462,0.05547,-15.51,18.97,0.03635,0.001841,0.03401,0.004602,0.04047,0.002887,1.0
356,97.88,32.18,0.1541,0.04197,0.148,0.04377,0.1462,0.05546,-15.04,18.42,0.03632,0.001839,0.034,0.004592,0.04046,0.002869,1.0
357,97.88,32.18,0.154,0.04196,0.148,0.04376,0.1462,0.05546,-14.57,17.86,0.0363,0.001832,0.03397,0.004584,0.04046,0.002857,1.0
358,97.88,32.18,0.154,0.04196,0.148,0.04375,0.1462,0.05546,-13.99,17.17,0.03626,0.001826,0.03391,0.004577,0.04039,0.002854,1.0
359,97.88,32.18,0.1539,0.04195,0.1479,0.04375,0.1461,0.05546,-13.53,16.62,0.03621,0.001818,0.03384,0.004569,0.04032,0.002851,1.0
360,97.88,32.18,0.1538,0.04196,0.1479,0.04376,0.146,0.05547,-13.18,16.21,0.03617,0.001816,0.03378,0.004571,0.04026,0.002849,1.0
361,97.88,32.18,0.1538,0.04195,0.1479,0.04376,0.146,0.05547,-12.83,15.8,0.03615,0.001812,0.03375,0.004567,0.04025,0.002833,1.0
362,97.88,32.18,0.1537,0.04195,0.1479,0.04376,0.146,0.05547,-12.37,15.25,0.03612,0.001812,0.03373,0.004563,0.04024,0.002827,1.0
363,97.88,32.18,0.1537,0.04195,0.1479,0.04375,0.146,0.05546,-11.8,14.56,0.03609,0.001812,0.0337,0.004557,0.04022,0.002814,1.0
364,97.88,32.18,0.1537,0.04195,0.1479,0.04375,0.146,0.05547,-11.33,14.01,0.03605,0.001809,0.03367,0.004552,0.04017,0.002812,1.0
365,97.88,32.18,0.1536,0.04195,0.1479,0.04375,0.146,0.05548,-10.87,13.45,0.03602,0.001805,0.03363,0.004552,0.04014,0.00281,1.0
366,97.88,32.18,0.1536,0.04194,0.1479,0.04375,0.146,0.05548,-10.4,12.9,0.03599,0.0018,0.03358,0.004551,0.0401,0.002802,1.0
367,97.88,32.18,0.1536,0.04194,0.1479,0.04374,0.1459,0.05549,-9.94,12.35,0.03596,0.001796,0.03354,0.004546,0.04004,0.002799,1.0
368,97.88,32.18,0.1535,0.04194,0.1479,0.04374,0.1459,0.05549,-11.55,14.27,0.03591,0.001793,0.03349,0.004539,0.04,0.00278,1.0
369,97.88,32.18,0.1534,0.04194,0.1479,0.04374,0.1459,0.05549,-11.08,13.72,0.03586,0.001789,0.03344,0.004532,0.03993,0.00277,1.0
370,97.88,32.18,0.1534,0.04195,0.1478,0.04374,0.1458,0.0555,-10.51,13.03,0.03579,0.001784,0.03335,0.004532,0.03983,0.002772,1.0
371,97.88,32.18,0.1533,0.04196,0.1478,0.04375,0.1458,0.05552,-12.01,14.82,0.03573,0.001786,0.0333,0.004531,0.03976,0.00277,1.0
372,97.88,32.18,0.1533,0.04196,0.1478,0.04376,0.1457,0.05552,-11.42,14.12,0.0357,0.001782,0.03327,0.004533,0.03973,0.002761,1.0
373,97.88,32.18,0.1533,0.04196,0.1479,0.04376,0.1457,0.05553,-10.73,13.29,0.03567,0.001778,0.03324,0.004533,0.0397,0.002749,1.0
374,97.88,32.18,0.1532,0.04197,0.1479,0.04376,0.1458,0.05552,-10.03,12.47,0.03563,0.001776,0.0332,0.004527,0.03967,0.002734,1.0
375,97.88,32.18,0.1532,0.04197,0.1479,0.04376,0.1457,0.05552,-9.337,11.64,0.03558,0.001775,0.03316,0.004524,0.03962,0.002734,1.0
376,97.88,32.18,0.1532,0.04198,0.1479,0.04376,0.1457,0.05553,-8.764,10.96,0.03555,0.001771,0.03315,0.004516,0.03956,0.002733,1.0
377,97.88,32.18,0.1531,0.04198,0.1479,0.04377,0.1457,0.05553,-10.26,12.74,0.03551,0.001765,0.03312,0.004512,0.03952,0.002725,1.0
378,97.88,32.18,0.1531,0.04198,0.1479,0.04376,0.1456,0.05554,-9.682,12.05,0.03547,0.001759,0.03309,0.004509,0.03945,0.002724,1.0
379,97.88,32.18,0.1531,0.04198,0.1479,0.04376,0.1456,0.05555,-9.098,11.36,0.03541,0.001753,0.03304,0.004505,0.0394,0.002713,1.0
380,97.88,32.18,0.1531,0.04198,0.1479,0.04377,0.1456,0.05555,-8.641,10.81,0.03535,0.001745,0.03298,0.004504,0.03933,0.00271,1.0
381,97.88,32.18,0.153,0.04199,0.1478,0.04378,0.1455,0.05556,-8.297,10.4,0.03528,0.001745,0.03289,0.004509,0.03924,0.002711,1.0
382,97.88,32.18,0.153,0.042,0.1479,0.04379,0.1455,0.05558,-10.03,12.46,0.03524,0.001742,0.03285,0.004514,0.03918,0.002717,1.0
383,97.88,32.18,0.153,0.042,0.1479,0.04379,0.1455,0.05559,-11.76,14.53,0.03521,0.001738,0.03283,0.004516,0.03916,0.002711,1.0
384,97.88,32.18,0.1529,0.04201,0.1479,0.04379,0.1455,0.0556,-11.42,14.12,0.03518,0.001733,0.03281,0.004516,0.03912,0.002711,1.0
385,97.88,32.18,0.153,0.04201,0.1479,0.0438,0.1455,0.0556,-11.08,13.71,0.03515,0.001727,0.0328,0.004513,0.03907,0.002706,1.0
386,97.88,32.18,0.153,0.04202,0.148,0.0438,0.1455,0.0556,-10.62,13.16,0.03511,0.001722,0.03278,0.004514,0.03905,0.002701,1.0
387,97.88,32.18,0.1529,0.04202,0.148,0.04381,0.1455,0.05562,-12.35,15.23,0.03507,0.00172,0.03275,0.004519,0.03901,0.002701,1.0
388,97.88,32.18,0.1529,0.04203,0.148,0.04381,0.1455,0.05563,-12.1,14.94,0.03503,0.001714,0.03275,0.004517,0.03899,0.002691,1.0
389,97.88,32.18,0.1529,0.04203,0.148,0.04382,0.1455,0.05563,-11.76,14.54,0.03499,0.001712,0.03273,0.004519,0.03897,0.002684,1.0
390,97.88,32.18,0.1529,0.04204,0.148,0.04382,0.1455,0.05564,-11.41,14.12,0.03494,0.001709,0.03268,0.004523,0.03892,0.002681,1.0
391,97.88,32.18,0.1529,0.04204,0.148,0.04382,0.1454,0.05565,-11.18,13.85,0.03489,0.001704,0.03265,0.004517,0.03886,0.002678,1.0
392,97.88,32.18,0.1528,0.04206,0.148,0.04384,0.1454,0.05567,-13.03,16.05,0.03484,0.0017,0.03259,0.004523,0.03882,0.00267,1.0
393,97.88,32.18,0.1528,0.04207,0.148,0.04385,0.1454,0.05569,-12.8,15.77,0.03481,0.001697,0.03256,0.004527,0.03878,0.00267,1.0
394,97.88,32.18,0.1528,0.04207,0.148,0.04386,0.1454,0.0557,-12.57,15.5,0.03479,0.001692,0.03256,0.004529,0.03876,0.002671,1.0
395,97.88,32.18,0.1529,0.04208,0.1481,0.04386,0.1454,0.0557,-12.21,15.08,0.03478,0.001684,0.03257,0.004526,0.03875,0.002675,1.0
396,97.88,32.18,0.1529,0.04208,0.1481,0.04387,0.1454,0.05571,-11.86,14.67,0.03477,0.001681,0.03257,0.00452,0.03872,0.002677,1.0
397,97.88,32.18,0.1529,0.04208,0.1481,0.04387,0.1455,0.05572,-11.52,14.26,0.03477,0.00167,0.03258,0.00452,0.03872,0.00267,1.0
398,97.88,32.18,0.1529,0.04209,0.1481,0.04388,0.1455,0.05573,-13.26,16.33,0.03476,0.001667,0.03257,0.004525,0.03872,0.002671,1.0
399,97.88,32.18,0.1529,0.04209,0.1482,0.04388,0.1455,0.05574,-12.92,15.92,0.03475,0.001661,0.03257,0.004526,0.03872,0.00267,1.0
400,97.88,32.18,0.1529,0.0421,0.1482,0.04388,0.1455,0.05575,-12.45,15.37,0.03474,0.001652,0.03256,0.004524,0.0387,0.00267,1.0
401,97.88,32.18,0.1529,0.04211,0.1482,0.04389,0.1455,0.05576,-13.94,17.16,0.03472,0.001643,0.03254,0.004523,0.03868,0.002666,1.0
402,97.88,32.18,0.1529,0.04211,0.1482,0.04389,0.1455,0.05576,-13.37,16.47,0.0347,0.001633,0.03251,0.004526,0.03865,0.002663,1.0
403,97.88,32.18,0.1529,0.04212,0.1482,0.0439,0.1455,0.05578,-14.87,18.26,0.03466,0.001629,0.03247,0.004528,0.03861,0.002665,1.0
404,97.88,32.18,0.1529,0.04214,0.1482,0.04391,0.1455,0.05579,-16.48,20.18,0.03464,0.001628,0.03246,0.004527,0.03858,0.002673,1.0
405,97.88,32.18,0.1529,0.04214,0.1482,0.04392,0.1455,0.05579,-17.97,21.97,0.03463,0.001623,0.03248,0.004522,0.0386,0.002672,1.0
406,97.88,32.18,0.1529,0.04215,0.1482,0.04392,0.1455,0.0558,-17.4,21.28,0.03464,0.001619,0.03248,0.00452,0.03861,0.002668,1.0
407,97.88,32.18,0.1529,0.04216,0.1482,0.04393,0.1455,0.05582,-16.94,20.73,0.03464,0.001613,0.03247,0.004524,0.03859,0.002675,1.0
408,97.88,32.18,0.1529,0.04216,0.1483,0.04393,0.1455,0.05583,-16.48,20.18,0.03465,0.001603,0.03248,0.004516,0.03859,0.002674,1.0
409,97.88,32.18,0.153,0.04216,0.1483,0.04394,0.1456,0.05584,-18.09,22.1,0.03466,0.001595,0.03249,0.004514,0.03862,0.002666,1.0
410,97.88,32.18,0.153,0.04217,0.1483,0.04395,0.1456,0.05585,-17.51,21.41,0.03467,0.001589,0.03249,0.00451,0.03865,0.002656,1.0
411,97.88,32.18,0.153,0.04218,0.1483,0.04395,0.1456,0.05587,-16.94,20.72,0.03467,0.001584,0.03249,0.00451,0.03866,0.002646,1.0
412,97.88,32.18,0.153,0.04218,0.1483,0.04395,0.1456,0.05587,-16.36,20.03,0.03466,0.001577,0.03247,0.004508,0.03866,0.002646,1.0
413,97.88,32.18,0.153,0.04219,0.1483,0.04395,0.1456,0.05588,-15.9,19.48,0.03464,0.001573,0.03244,0.004507,0.03865,0.002644,1.0
414,97.88,32.18,0.1529,0.0422,0.1483,0.04397,0.1455,0.05591,-15.43,18.93,0.03462,0.001569,0.03242,0.004503,0.03866,0.002636,1.0
415,97.88,32.18,0.153,0.04221,0.1483,0.04398,0.1456,0.05592,-14.97,18.37,0.03464,0.001561,0.03242,0.004502,0.03866,0.00264,1.0
416,97.88,32.18,0.153,0.04221,0.1483,0.04398,0.1456,0.05592,-16.47,20.16,0.03465,0.00156,0.03243,0.0045,0.03869,0.002636,1.0
417,97.88,32.18,0.153,0.04222,0.1483,0.04398,0.1457,0.05591,-15.89,19.47,0.03467,0.001551,0.03244,0.004503,0.03872,0.002626,1.0
418,97.88,32.18,0.153,0.04222,0.1483,0.04399,0.1457,0.0559,-17.51,21.4,0.03469,0.001541,0.03244,0.004508,0.03876,0.002621,1.0
419,97.88,32.18,0.1531,0.04222,0.1484,0.04399,0.1457,0.05592,-17.05,20.85,0.03471,0.001532,0.03246,0.004504,0.03876,0.002627,1.0
420,97.88,32.18,0.1531,0.04223,0.1484,0.04399,0.1457,0.05592,-18.67,22.77,0.03473,0.001526,0.03248,0.0045,0.0388,0.00262,1.0
421,97.88,32.18,0.1531,0.04223,0.1484,0.04399,0.1457,0.05593,-18.1,22.09,0.03475,0.001518,0.03249,0.004502,0.03882,0.002619,1.0
422,97.88,32.18,0.1531,0.04223,0.1485,0.044,0.1458,0.05592,-17.4,21.26,0.03476,0.001513,0.03251,0.004494,0.03885,0.002615,1.0
423,97.88,32.18,0.1531,0.04223,0.1485,0.044,0.1458,0.05593,-16.72,20.44,0.03476,0.001504,0.03251,0.004489,0.03884,0.002616,1.0
424,97.88,32.18,0.1531,0.04224,0.1485,0.04401,0.1458,0.05593,-16.03,19.62,0.03476,0.001495,0.03251,0.004486,0.03884,0.002613,1.0
425,97.88,32.18,0.1531,0.04225,0.1485,0.04402,0.1458,0.05594,-15.34,18.79,0.03476,0.001489,0.03249,0.004488,0.03883,0.002611,1.0
426,97.88,32.18,0.1531,0.04226,0.1485,0.04403,0.1458,0.05595,-14.64,17.96,0.03477,0.001486,0.03249,0.004494,0.03885,0.002617,1.0
427,97.88,32.18,0.1532,0.04226,0.1485,0.04403,0.1458,0.05597,-13.84,17.0,0.0348,0.001482,0.03252,0.004498,0.0389,0.002612,1.0
428,97.88,32.18,0.1532,0.04227,0.1486,0.04404,0.1459,0.05597,-13.15,16.17,0.03483,0.001476,0.03253,0.004506,0.03895,0.002605,1.0
429,97.88,32.18,0.1532,0.04227,0.1486,0.04404,0.1459,0.05597,-14.54,17.83,0.03485,0.001473,0.03257,0.004501,0.03898,0.002601,1.0
430,97.88,32.18,0.1533,0.04228,0.1487,0.04404,0.146,0.05597,-13.85,17.0,0.03488,0.001463,0.0326,0.004508,0.03902,0.002595,1.0
431,97.88,32.18,0.1533,0.04228,0.1487,0.04404,0.146,0.05597,-13.16,16.18,0.03491,0.00146,0.03263,0.00451,0.03905,0.002597,1.0
432,97.88,32.18,0.1533,0.04228,0.1488,0.04404,0.1461,0.05598,-14.55,17.83,0.03494,0.001458,0.03267,0.004516,0.03906,0.002601,1.0
433,97.88,32.18,0.1534,0.04228,0.1488,0.04405,0.1461,0.05598,-13.85,17.0,0.03497,0.001448,0.0327,0.004518,0.03908,0.002598,1.0
434,97.88,32.18,0.1534,0.04228,0.1488,0.04405,0.1462,0.05597,-13.16,16.18,0.03498,0.001439,0.03272,0.004517,0.0391,0.002597,1.0
435,97.88,32.18,0.1534,0.04228,0.1489,0.04405,0.1462,0.05598,-14.55,17.83,0.03498,0.001433,0.03275,0.004514,0.0391,0.002605,1.0
436,97.88,32.18,0.1534,0.04229,0.1489,0.04406,0.1462,0.05598,-13.74,16.87,0.03498,0.001433,0.03276,0.004515,0.03911,0.002603,1.0
437,97.88,32.18,0.1534,0.0423,0.1489,0.04406,0.1463,0.05599,-13.06,16.05,0.03501,0.001429,0.0328,0.004518,0.03913,0.002604,1.0
438,97.88,32.18,0.1535,0.0423,0.149,0.04406,0.1463,0.05599,-14.33,17.56,0.03506,0.00142,0.03286,0.004523,0.0392,0.002596,1.0
439,97.88,32.18,0.1535,0.0423,0.1491,0.04406,0.1464,0.05599,-13.64,16.74,0.03509,0.001413,0.03293,0.00452,0.03925,0.002596,1.0
440,97.88,32.18,0.1536,0.0423,0.1491,0.04406,0.1465,0.05598,-13.07,16.06,0.03513,0.001408,0.033,0.004519,0.0393,0.002592,1.0
441,97.88,32.18,0.1536,0.04231,0.1492,0.04407,0.1466,0.05598,-14.68,17.98,0.03515,0.001409,0.03305,0.00452,0.03936,0.002589,1.0
442,97.88,32.18,0.1537,0.0423,0.1493,0.04407,0.1467,0.05599,-14.22,17.43,0.03518,0.001406,0.0331,0.004526,0.0394,0.00259,1.0
443,97.88,32.18,0.1537,0.04231,0.1493,0.04407,0.1468,0.05599,-13.76,16.88,0.03521,0.001404,0.03318,0.00452,0.03944,0.002589,1.0
444,97.88,32.18,0.1537,0.04231,0.1494,0.04407,0.1468,0.05598,-13.3,16.34,0.03525,0.001396,0.03322,0.004513,0.03947,0.002587,1.0
445,97.88,32.18,0.1538,0.04231,0.1494,0.04407,0.1469,0.05599,-12.95,15.92,0.03527,0.001393,0.03327,0.004504,0.03949,0.002582,1.0
446,97.88,32.18,0.1538,0.04231,0.1495,0.04408,0.1469,0.05598,-12.61,15.51,0.03528,0.001388,0.03332,0.004494,0.03951,0.002576,1.0
447,97.88,32.18,0.1538,0.04232,0.1495,0.04408,0.147,0.05598,-12.15,14.96,0.03528,0.001388,0.03334,0.004492,0.0395,0.002582,1.0
448,97.88,32.18,0.1538,0.04232,0.1496,0.04409,0.147,0.056,-11.69,14.41,0.03531,0.001385,0.03339,0.004492,0.03953,0.002585,1.0
449,97.88,32.18,0.1538,0.04233,0.1496,0.04409,0.1471,0.05601,-13.3,16.34,0.03535,0.001381,0.03345,0.004495,0.03961,0.002582,1.0
450,97.88,32.18,0.1539,0.04233,0.1497,0.04409,0.1472,0.05601,-12.72,15.65,0.03539,0.001375,0.03352,0.004489,0.03964,0.002585,1.0
451,97.88,32.18,0.1539,0.04233,0.1498,0.04409,0.1473,0.05601,-14.21,17.43,0.03543,0.001373,0.03358,0.004484,0.03969,0.002584,1.0
452,97.88,32.18,0.154,0.04233,0.1498,0.04409,0.1473,0.05601,-13.75,16.88,0.03545,0.001377,0.03363,0.004481,0.03975,0.002577,1.0
453,97.88,32.18,0.154,0.04233,0.1499,0.04409,0.1474,0.056,-15.25,18.67,0.03548,0.001378,0.03368,0.004478,0.03981,0.002575,1.0
454,97.88,32.18,0.154,0.04233,0.15,0.04409,0.1475,0.056,-14.79,18.12,0.0355,0.001378,0.03375,0.004469,0.03985,0.002567,1.0
455,97.88,32.18,0.1541,0.04233,0.15,0.04409,0.1475,0.056,-16.4,20.04,0.03554,0.001372,0.03381,0.004465,0.0399,0.002554,1.0
456,97.88,32.18,0.1541,0.04233,0.1501,0.04409,0.1476,0.056,-15.95,19.5,0.03555,0.001369,0.03385,0.004459,0.03992,0.002552,1.0
457,97.88,32.18,0.1541,0.04233,0.1501,0.04409,0.1476,0.05601,-15.49,18.95,0.03554,0.001372,0.03389,0.004452,0.03992,0.00255,1.0
458,97.88,32.18,0.1541,0.04233,0.1501,0.0441,0.1477,0.05601,-15.03,18.4,0.03554,0.001369,0.03391,0.004448,0.03991,0.002552,1.0
459,97.88,32.18,0.1541,0.04234,0.1501,0.04411,0.1477,0.05602,-14.45,17.71,0.03555,0.001371,0.03394,0.00445,0.03994,0.002547,1.0
460,97.88,32.18,0.1541,0.04234,0.1502,0.04411,0.1477,0.05602,-13.87,17.03,0.03557,0.001374,0.03399,0.004443,0.04,0.002546,1.0
461,97.88,32.18,0.1542,0.04234,0.1503,0.04411,0.1478,0.05601,-13.29,16.34,0.03558,0.001377,0.03405,0.004435,0.04006,0.002535,1.0
462,97.88,32.18,0.1542,0.04234,0.1503,0.04411,0.1479,0.05601,-12.71,15.65,0.0356,0.001375,0.03409,0.004428,0.04009,0.002532,1.0
463,97.88,32.18,0.1542,0.04234,0.1504,0.04412,0.1479,0.05601,-12.14,14.96,0.03562,0.001374,0.03412,0.004425,0.04011,0.002533,1.0
464,97.88,32.18,0.1543,0.04234,0.1504,0.04412,0.148,0.05601,-11.55,14.27,0.03563,0.00138,0.03417,0.004422,0.04014,0.002532,1.0
465,97.88,32.18,0.1543,0.04234,0.1505,0.04412,0.148,0.056,-11.09,13.72,0.03565,0.001383,0.0342,0.00442,0.04019,0.00252,1.0
466,97.88,32.18,0.1543,0.04234,0.1506,0.04411,0.1481,0.056,-10.63,13.17,0.03567,0.001381,0.03422,0.004418,0.04022,0.002518,1.0
467,97.88,32.18,0.1543,0.04234,0.1506,0.04412,0.1481,0.05601,-10.05,12.48,0.03566,0.001387,0.03424,0.004418,0.04023,0.002509,1.0
468,97.88,32.18,0.1543,0.04234,0.1507,0.04411,0.1482,0.056,-11.67,14.41,0.03565,0.001389,0.03424,0.004418,0.04025,0.0025,1.0
469,97.88,32.18,0.1543,0.04234,0.1507,0.04412,0.1482,0.056,-11.08,13.72,0.03564,0.001386,0.03423,0.004413,0.04023,0.002499,1.0
470,97.88,32.18,0.1543,0.04235,0.1507,0.04413,0.1482,0.05602,-10.51,13.03,0.03562,0.001398,0.03422,0.004415,0.04021,0.002506,1.0
471,97.88,32.18,0.1543,0.04235,0.1507,0.04412,0.1482,0.05602,-12.01,14.82,0.03562,0.001406,0.03424,0.004414,0.04024,0.002502,1.0
472,97.88,32.18,0.1543,0.04235,0.1508,0.04412,0.1482,0.05603,-13.5,16.6,0.03563,0.001409,0.03428,0.00441,0.04028,0.002499,1.0
473,97.88,32.18,0.1543,0.04235,0.1508,0.04413,0.1483,0.05603,-12.81,15.78,0.03564,0.001413,0.03431,0.004405,0.04032,0.002495,1.0
474,97.88,32.18,0.1544,0.04235,0.1509,0.04413,0.1483,0.05602,-12.23,15.09,0.03564,0.001415,0.03434,0.004402,0.04036,0.002491,1.0
475,97.88,32.18,0.1544,0.04235,0.1509,0.04413,0.1484,0.05602,-11.65,14.4,0.03565,0.001416,0.03438,0.004391,0.04041,0.002485,1.0
476,97.88,32.18,0.1544,0.04235,0.151,0.04413,0.1484,0.05601,-11.07,13.71,0.03566,0.001416,0.03442,0.004385,0.04043,0.002488,1.0
477,97.88,32.18,0.1544,0.04235,0.151,0.04412,0.1485,0.056,-12.69,15.64,0.03566,0.001421,0.03444,0.004384,0.04047,0.002486,1.0
478,97.88,32.18,0.1544,0.04235,0.1511,0.04412,0.1486,0.05598,-12.24,15.09,0.03566,0.001424,0.03446,0.004372,0.04047,0.002487,1.0
479,97.88,32.18,0.1544,0.04235,0.1511,0.04412,0.1486,0.05597,-11.77,14.54,0.03565,0.00143,0.03446,0.004366,0.04048,0.002481,1.0
480,97.88,32.18,0.1544,0.04234,0.1511,0.04411,0.1486,0.05598,-11.31,14.0,0.03564,0.001435,0.03444,0.004367,0.04047,0.002481,1.0
481,97.88,32.18,0.1544,0.04234,0.1511,0.04411,0.1486,0.05597,-12.93,15.92,0.03563,0.001435,0.03442,0.004361,0.04045,0.002476,1.0
482,97.88,32.18,0.1544,0.04234,0.1511,0.04412,0.1486,0.05597,-12.48,15.38,0.03561,0.001442,0.0344,0.004366,0.04042,0.002478,1.0
483,97.88,32.18,0.1544,0.04234,0.1511,0.04412,0.1486,0.05598,-12.02,14.83,0.03562,0.001444,0.0344,0.004362,0.04043,0.002485,1.0
484,97.88,32.18,0.1545,0.04234,0.1511,0.04412,0.1486,0.05597,-13.64,16.76,0.03563,0.001446,0.03443,0.004354,0.04047,0.00248,1.0
485,97.88,32.18,0.1545,0.04233,0.1512,0.04411,0.1487,0.05595,-13.29,16.35,0.03565,0.001447,0.03445,0.004347,0.04051,0.002477,1.0
486,97.88,32.18,0.1545,0.04233,0.1512,0.04411,0.1487,0.05594,-12.83,15.79,0.03568,0.001445,0.03448,0.004343,0.04052,0.002478,1.0
487,97.88,32.18,0.1546,0.04233,0.1512,0.04411,0.1488,0.05593,-12.48,15.38,0.03568,0.001445,0.03449,0.004336,0.04054,0.002472,1.0
488,97.88,32.18,0.1546,0.04232,0.1513,0.04411,0.1488,0.05592,-12.12,14.96,0.0357,0.001445,0.0345,0.00433,0.04056,0.002475,1.0
489,97.88,32.18,0.1546,0.04231,0.1513,0.0441,0.1489,0.05591,-11.78,14.55,0.03571,0.00145,0.03451,0.004325,0.0406,0.00247,1.0
490,97.88,32.18,0.1546,0.0423,0.1513,0.04409,0.1489,0.05589,-11.32,14.0,0.03571,0.001452,0.03451,0.004324,0.04063,0.002461,1.0
491,97.88,32.18,0.1546,0.0423,0.1513,0.04409,0.1489,0.05589,-10.97,13.58,0.03572,0.001451,0.0345,0.004316,0.04062,0.002463,1.0
492,97.88,32.18,0.1546,0.0423,0.1513,0.04408,0.1488,0.05589,-10.63,13.17,0.03571,0.001452,0.03449,0.004308,0.0406,0.002461,1.0
493,97.88,32.18,0.1546,0.04229,0.1513,0.04408,0.1488,0.05588,-12.36,15.23,0.0357,0.001448,0.03445,0.004299,0.04057,0.002458,1.0
494,97.88,32.18,0.1546,0.04229,0.1512,0.04408,0.1488,0.05587,-12.01,14.82,0.03568,0.001449,0.03439,0.004301,0.04052,0.002465,1.0
495,97.88,32.18,0.1545,0.04229,0.1512,0.04409,0.1488,0.05586,-11.56,14.28,0.03565,0.001455,0.03437,0.004298,0.04049,0.002469,1.0
496,97.88,32.18,0.1545,0.0423,0.1512,0.04408,0.1488,0.05586,-11.07,13.72,0.03565,0.001462,0.03438,0.004291,0.0405,0.002466,1.0
497,97.88,32.18,0.1546,0.04229,0.1512,0.04408,0.1488,0.05586,-10.61,13.16,0.03568,0.001461,0.03438,0.004283,0.04053,0.002467,1.0
498,97.88,32.18,0.1546,0.04228,0.1513,0.04407,0.1488,0.05585,-10.15,12.61,0.03568,0.001465,0.03437,0.004279,0.04055,0.002467,1.0
499,97.88,32.18,0.1546,0.04228,0.1513,0.04406,0.1488,0.05583,-9.574,11.92,0.0357,0.001465,0.03437,0.004273,0.04057,0.002465,1.0
500,97.88,32.18,0.1546,0.04227,0.1513,0.04406,0.1488,0.05582,-9.001,11.24,0.03572,0.001462,0.03439,0.004266,0.0406,0.002453,1.0
501,97.88,32.18,0.1546,0.04227,0.1513,0.04406,0.1488,0.05581,-8.424,10.56,0.03574,0.001463,0.03438,0.00426,0.04061,0.002452,1.0
502,97.88,32.18,0.1546,0.04226,0.1513,0.04406,0.1487,0.0558,-9.808,12.2,0.03572,0.001464,0.03439,0.00425,0.04059,0.002456,1.0
503,97.88,32.18,0.1546,0.04225,0.1513,0.04406,0.1487,0.0558,-9.117,11.38,0.03572,0.001465,0.03436,0.004252,0.04056,0.002456,1.0
504,97.88,32.18,0.1546,0.04225,0.1512,0.04405,0.1487,0.05578,-8.552,10.71,0.03571,0.001464,0.03432,0.004244,0.04053,0.002451,1.0
505,97.88,32.18,0.1545,0.04225,0.1512,0.04405,0.1486,0.05578,-7.975,10.02,0.03567,0.001463,0.03428,0.004239,0.0405,0.002442,1.0
506,97.88,32.18,0.1545,0.04225,0.1511,0.04405,0.1485,0.05577,-7.396,9.331,0.03564,0.001459,0.03424,0.004233,0.04048,0.002435,1.0
507,97.88,32.18,0.1544,0.04225,0.151,0.04405,0.1485,0.05578,-9.007,11.25,0.03558,0.001462,0.03416,0.004234,0.04044,0.002429,1.0
508,97.88,32.18,0.1544,0.04226,0.151,0.04406,0.1484,0.05579,-10.74,13.32,0.03555,0.001469,0.03409,0.004239,0.0404,0.002428,1.0
509,97.88,32.18,0.1544,0.04225,0.1509,0.04406,0.1484,0.05579,-10.39,12.9,0.03553,0.00147,0.03407,0.004239,0.04037,0.002429,1.0
510,97.88,32.18,0.1543,0.04225,0.1509,0.04407,0.1483,0.05578,-10.04,12.49,0.03552,0.00147,0.03405,0.004235,0.04036,0.002426,1.0
511,97.88,32.18,0.1543,0.04225,0.1509,0.04406,0.1483,0.05579,-9.573,11.93,0.03551,0.001466,0.03404,0.004231,0.04036,0.002419,1.0
512,97.88,32.18,0.1543,0.04225,0.1509,0.04406,0.1483,0.05578,-11.18,13.86,0.03551,0.001466,0.03404,0.00422,0.04033,0.002423,1.0
513,97.88,32.18,0.1543,0.04225,0.1509,0.04407,0.1483,0.05579,-12.91,15.92,0.0355,0.001462,0.03402,0.004215,0.04032,0.002422,1.0
514,97.88,32.18,0.1543,0.04225,0.1509,0.04407,0.1483,0.05578,-12.57,15.51,0.03547,0.001462,0.03401,0.004213,0.04031,0.002423,1.0
515,97.88,32.18,0.1543,0.04226,0.1509,0.04407,0.1482,0.05578,-14.3,17.57,0.03545,0.001462,0.03398,0.00421,0.04028,0.002422,1.0
516,97.88,32.18,0.1543,0.04225,0.1509,0.04407,0.1482,0.05578,-13.95,17.15,0.03542,0.001458,0.03394,0.004212,0.04024,0.002421,1.0
517,97.88,32.18,0.1543,0.04225,0.1508,0.04407,0.1481,0.05579,-13.72,16.88,0.03539,0.001454,0.03389,0.004212,0.0402,0.002418,1.0
518,97.88,32.18,0.1542,0.04225,0.1508,0.04407,0.1481,0.05578,-13.49,16.6,0.03535,0.001446,0.03383,0.004215,0.04014,0.002417,1.0
519,97.88,32.18,0.1542,0.04225,0.1507,0.04408,0.148,0.05578,-13.26,16.33,0.03529,0.001446,0.03376,0.004214,0.04006,0.002414,1.0
520,97.88,32.18,0.1541,0.04225,0.1506,0.04409,0.148,0.05579,-13.04,16.06,0.03521,0.00145,0.03368,0.004214,0.03999,0.00241,1.0
521,97.88,32.18,0.1541,0.04226,0.1506,0.0441,0.1479,0.05581,-12.81,15.78,0.03516,0.001452,0.03361,0.004221,0.03994,0.002407,1.0
522,97.88,32.18,0.154,0.04227,0.1505,0.0441,0.1479,0.05582,-12.58,15.5,0.03513,0.001452,0.03357,0.004226,0.03993,0.002403,1.0
523,97.88,32.18,0.154,0.04227,0.1506,0.0441,0.1478,0.05582,-12.34,15.23,0.03511,0.001449,0.03356,0.004223,0.03991,0.002402,1.0
